tweet-005	تاريخ  من  التناقض..  سفير  تركيا  في  فرنسا  يضع  أكليل  زهور  على  قبر  صموئيل  باتي 
#eXtranews  https://t.co/Fb2I95VarY
tweet-007	🔴  #هام_جدا 
🔴  الرئيس  الموريتاني  يقرر  وقف  البرامج  التلفزيونية  والاذاعية  التي  تبث  باللغة  الفرنسية. 
🔴  القرار  جاء  ردا  على  الرئيس  الفرنسي  ماكرون  بعد  تطاوله  على  النبي  محمد  صلى  الله  عليه  و  سلم    #منقول_للامانة  https://t.co/kQ2pqykih8
tweet-011	إعلان  لكفن  برادا  🙃  https://t.co/wRHM12OARp
tweet-012	#رسولنا_خطر_احمر   
 
تبنى  #ماكرون_خنزير_فرنسا  الرسوم  المسيئة  للرسول  الكريم  صلى  الله  عليه  وسلم  بحجة  حرية  تعبير 
 
رئيس  البرازيل  (  اليميني  )  وضع  صورة  زوجة  ماكرون  بجوار  صورة  🐒  قرد  من  فيلم  أيبيس  الشهير   
 
فغضب  ماكرون  وقال  : 
انه  وقح 
 
فرد  عليه  رئيس  البرازيل  : 
هذه  حرية  تعبير 
 
#منقول  https://t.co/aEUqrpotg0
tweet-016	#عاجل  |  حريق  شمال  #فرنسا  في  ميناء  "لوهافر"  يؤدي  إلى  إجلاء  المئات  .. 
  #الا_رسول_الله_يافرنسا  https://t.co/KP54vTl4N2
tweet-017	الف  رحمه  على  الفنان  الاستاذ  داوود  جلاجل  https://t.co/4xwuinNNSj
tweet-018	#هشتاق 
اللهم  صل  على  محمد  وعلى  آل  محمد  كما  ...  المقدم:  اللهم  صل  وسلم  وزد  وبارك  على  نبينا  وحبيبنا  محمد 
 
فداك  ي  رسول  الله(ص)    امي  وابي 
تم  حرق  السفارة  الفرنسية  في  السودان  https://t.co/OpySJtrXYO
tweet-021	الكويت  ترفض  طلب  قطر  الوساطه   
لحل  الازمه  مع  الرباعى  العربى  👏👏 
الحل  فى  تنفيذ  ال١٣  شرط   
الحل  فى  الرياض  🤪🤪  https://t.co/QuUlPco5TX
tweet-026	ساعه  مكه  تضئ    الليزر  ب  الضوء  الأخضر    والسماء  تعاانق  السحاب  أحتفالآ  بميلاد  رسول  الله  كل  عام  و  أنتم  بخير  #كلام_معلمين_في_المولد_النبوي  https://t.co/Eyjndirm5F
tweet-031	أكبر  شخص  على  قيد  الحياة  بعمر  ٢٧٣  سنة  وهو  صيني  مسلم. 
لاتنسى  إرسالها  وان  وتقول  الله  أكبر.🌻  https://t.co/XUauevcShM
tweet-038	مايسمى  ب"الاتحاد  العالمي  لعلماء  المسلمين"  ونقلا  عن  المدعو  "احمد  الريسوني"  يقول  ان  محاربة  الاقتصاد  التركي  تصل  حد  الردة،  والرد  الناري. 
#مقاطعة_البضائع_التركية  #مقاطعة_المطاعم_التركية  #الحملة_الشعبية_لمقاطعة_تركيا  #قاطعوا_المنتجات_التركية  https://t.co/2cqGKOtEVD
tweet-040	حادث  سير  في  بريطانيه  ادي  الي  وفاه     
"مستر  بين"   
عن  عمر  62  عام  !!  😔😖  https://t.co/YaxqIT2UEF
tweet-043	قدم  المهندس  طه  قراش  اليوم  جهاز  التنفس  من  صنعه  الخاص  بمواصفات  عالمية  عالية  الجودة  لقسم  الإنعاش  الطبي  بفرحات  حشاد  بسوسة  بحضور  السيد  وزير  الصحة  ووزير  التعليم  العالي.  تمت  تجربته  بنجاح  والحمد  لله.  &lt;3 
مع  العلم  أن  المهندس  الشاب  طه  قراش  حافظ  لكتاب  الله  و  إمام  جامع  بمدينة  سوسة  .  https://t.co/4raPGvWcS3
tweet-049	#حمله_مقاطعه_المنتجات_التركيه 
 
انظروا  الهجوم  التركي  على  البنك  الكويتي  التركي. 
رمي  بالحجارة  على  المبنى  مما  ادى  إلى  إغلاق  البنك. 
أليس  من  الواجب  على  كل  دولة  المحافظة  على  علاقاتها  الدبلوماسية  والاقتصادية  المشتركة  بينها  وبين  الدول  المستثمرة  على  اراضيها  ؟ 
#اردوغان_يهدد_العرب  https://t.co/utSLtugMBG
tweet-053	من  الديوانيه 
 
وزیر  الإسكان  في  منغوليا  وعد  الشعب  أن  يبني  لهم  خلال  سنة  100الف  منزل  وان  لم  يفعل  سيحرق  نفسه  بعد  سنة  ..  بنى  ٧٠  ألف  فقط  فلذلك  أحرق  نفسه 
#الكويت  #اسقاط_القروض_لليوم_350 
  https://t.co/TMM8QfvSuR
tweet-054	عبدالفتاح  العلي  يخالف  مذيعه  و  مصور  قناة  الرأي  و  يأمر  بأخذهم  للمخفر  ....  مو  لابسين  كمام  زين  يسوي  ياويلكم  😂  https://t.co/bld7SIxMfI
tweet-058	عاجل 
نتنياهو  يطالب  بفتح      مصالحة  حقيقية  مع  الحزائر  بعد  الاستفتاء  على  الدستور  ويدعو  يهود  الجزائر  الى  التصويت  بنعم  https://t.co/8wZPegA9NK
tweet-063	👈وكالات  الأنباء  الإيطالية  والعالمية 
القوات  البحريه  المصرية  في  المتوسط  مرعبة  وذات  تخطيط  عالى  يفوق  التدريب  البشري 
سمعونا  تحيا  مصر
tweet-068	📌انفجار  خزان  لي  النبيذ  الاحمر  (  الروج  )  بمصنع  عين  تموشنت  https://t.co/zHdSjYNd6H
tweet-074	رئيس  الشؤون  الدينية  التركي  (علي  أرباش)  صرح  بأن  الصلاة  في  #ايا_صوفيا  تعادل  عمرة  أو  نصف  حجة 
إنا  مش  هعلق  علشان  هقول  كلام  عيب  وأترك  لكم  التعليق   
#تركيا  #أخبار  #إنفوجرافيك  #صور  #فتاوى  https://t.co/tBObeHBPb6
tweet-077	🔴#عــــــــاجل 
رئيس  اركان  الجيش  الكويتي  الفريق  الركن  محمد  خالد  الخضر!  في  حال  لم  ينسحب  العراق  عن  بناء  الميناء  الجديد  لن  تكون  هناك  محافظة  اسمها  البصرة  ساجتاحها  بسواعد  رجال  الكويت  ليكون  درس  للذين  شككو  في  قدراتنا  العسكرية  العراق  اصغر  من  ان  تصد  هجماتنا  ونحن  الان  #الاقوى 
🤣🤣🤣🤣  https://t.co/v7kJ3bkffX
tweet-080	🔥⚔️عاجل  🔥مشاهد  الاولى  لانفجار  الحسكة  لقاعدة  لقوات  الأمريكية  مع  قوات  قسد  وتفجير  مستودع  صواريخ  وقذائف  وزخائر  «وما  النصر  الا  من  عند  الله  العزيز  الجبار»⚔️🔥 
#العصايب_مروا_من_هنا  https://t.co/dduiGEH2e1
tweet-086	القوات  و  الكتائب  رفعوا  اليوم  صورة  شارون  امام  مركز  الحزب  القومي  في  جديدة  المتن  .  https://t.co/AgrI0bs9tQ
tweet-087	حقائب  المهاجرين  السوريين  اللّذين  لقوا  حتفهم  في  البحر  الابيض  المتوسط  ،  جُمعت  ووُضعت  في  متحف  في  ايطاليا،  وكتب  عليها.. 
"  #لكلّ_حقيبة_حكاية  "  💔  https://t.co/eUrvzXoGW8
tweet-089	هبوط  اضطراري  لطائرة  ركاب  أمريكية  اصطدمت  بجسم  لم  يحدده  الخبراء  https://t.co/aNPD5DiIy9
tweet-095	ياسمين  صبرى  و  ابو  هشيمة  اتطلقوااا  😂
tweet-107	في  بعض  المناطق  في  جمهورية  الكونغو  الديمقراطية  (افريقيا)  ،  يتم  نقل  الجثث  بواسطة  الدراجات  النارية  إلى  المقبرة  ،  بسبب  ارتفاع  المبلغ  الذي  يتم  تحصيله  عند  استئجار  سيارة  الموتى  . 
(هذة  واحده  من  صور  البؤس  فى  العالم)  https://t.co/nCgkqnWLjR
tweet-109	قافلة  تهريب  المازوت  من  لبنان  إلى  سوريا 
شو  حلو  هالمنظر   
وليه  نحنا  قاعدين  بلا  كهربا😢😢😢تفووو  ع  هيك  دوله  حراميه  👿  https://t.co/7lTbSKgl19
tweet-113	بعد  استقلال  الكونغو  ارسلت  فرنسا  سفيرا  لها      ،    خرج  السفير  الفرنسي  للنزهة  والصيد  ..  قبض  عليه  اكلي  لحوم  البشر  واكلوه.   
احتجت  فرنسا    وطالبت    بتعويض  مالي..فكان  الرد 
"تأسف  الحكومة  الكونغية  على  حادثة  أكل  سعادة  سفيركم  ،  و  لأن  دولتنا  لا  تملك  الثروات  ،    فنقترح  عليكم  أكل  سفيرنا  لديكم"  😂
tweet-114	فى  نباء  عاجل 
إثيوبيا  تنشر  قواتها  فى  محيط  السد  وترفع  حالة  الإستعداد😂  https://t.co/5pIoEFBji1
tweet-115	في  كندا  ،  تم  دمج  دار  لرعاية  المسنين  مع  دار  للأيتام،  وكانت  النتيجة  أفضل  بكثير  من  المتوقع  اصبح  لكبار  السن  أحفاد،  ولم  يشعروا  بالوحدة  أبدًا  اما  الأيتام  فاحسوا  بأن  كبار  ااسن  اجدادهم  الحقيقين  وألفوهم  وتعلموا  منهم  واحبوهم  وشعروا  بالأجواء  الأسرية  والعطف  والحنان  👇فليتنا  نجرب  ذلك  https://t.co/vMfYpaRkIp
tweet-119	#اسقاط_القروض_لليوم_125   
#اسقاط_القروض_لليوم_124   
قضاه  فى  الجزائر  يسألون  الشعب  العفو  والسماح 
 
عجبتني  استعملنا  https://t.co/7q7pqoPOfb
tweet-124	تعتبر  هذه  الصورة  من  أشهر  الصور  في  أفغانستان  و    العالم  حيث  قام  المصور  الشهير  "ستيف  ماكوري"  بالتقاطها  وهي  لفتاة  أفغانية    أرادت  أن  تتصور  أمام  الكاميرا  فكشفت  عن  وجهها  وأظهرت  إبتسامة  الحرية  كما    سميت  ودفعت  ثمنا  لذلك  حياتها  !!😢  https://t.co/lq2zICCOE7
tweet-127	المطاعم  في  باريس  اصبحت  تستخدم  "الدمى"  🧸  من  اجل  تحقيق  التباعد  الاجتماعي.  https://t.co/TgTnDShij2
tweet-128	جبال  دانكسيا  بالصين  😱😱 
قال  تعالي  :(ومن  الجبال  جدد  بيض  وحمر  مختلف  ألوانها  وغرابيب  سود  ) 
....ربنا  ما  خلقت  هذا  باطلا  سبحانك  فقنا  عذاب  النار  💓  https://t.co/N0vmtUAFM9
tweet-134	رقصة  النسور  المصرية  بالميج  29  الروسية  https://t.co/3C8HfYuV3b
tweet-135	المهم   
هذه  وزيرة  التربية  السويسرية  مع  زوجها  عامل  النظافة 
و  السلام  عليكم  و  رحمة  الله  و  بركاته  https://t.co/oiK2pLLtBX
tweet-136	الشاب  الأمريكي  مايكل  الذي  عرضت  عليه  شركة  ميوزك  ٣٠  مليون  دولار  ليصدر  لها  ألبوم  واحد  بعد  إعتزاله  الغناء  ودخوله  الإسلام  لكنها  رفض.. 
إستمعوا  إلى  جمال  صوته  وهو  يؤم  المسلمين  في  إحدى  مساجد  أمريكا  ماشاءالله   
#مشاهير_الحشيش 
#مشاهير_الفلس   
#مشاهير_العجه   
  #نفسيتك_تحتاج_الي  https://t.co/50Lp6PCfWC
tweet-140	سبحان  الله 
حبة  طماطم  على  شكل  وجه  انسان  سبحان  الخلاق  العظيم 
ربي  اغفر  زنوب  كل  من  قل  سبحان  الله  https://t.co/yAst3uCPCe
tweet-142	عاجل:  لقطات  اخري  للانفجار  الضخم  اللى  وقع  في  طهران  ،  الانفجار  وقع    في  معسكر  للحرس  الثوري  https://t.co/yhkyJboTC1
tweet-143	إصابة  محمود  الخطيب  بفيروس  كورونا.! 
هل  اداره  الاهلي  ما  زالت  مصره  علي  اسكتمال  الدوري   
ام  انها  ستغير  رأيها  بعد  اصابه  الخطيب 
هل  اقتنعتم  ان  الخطر  سيطال  الجميع 
ام  منح  الاهلي  بطوله  هذا  العام  اهم  من  سلامه  البشر
tweet-150	القرية  النائمة....!!! 
قرية  اييه  ونائمة  اييه  😒😒 
كالاتشي  وهي  القرية  الموجودة  في  كازاخستان  والتي  تبعد  ما  يُقارب  150  ميل  تقريبًا  عن  الحدود  الروسية،  فقد  بدأت  تلك  الحادثة  مع  "ليبوف  لايبوكا"  الذي  دخل  في  حالة  نومٍ  غريبةٍ،  ولم  يستيقظ  إلّا  بعد  مرور  أسبوع  كاملٍ  دون  أن  +⁦👇🏻⁩  https://t.co/ZFhAogVgSY
tweet-152	طلع  خبر  ان  بريطانيا   
تبي  تاخذ  ناس  من  الكويت  كمعلمين  واطباء  وووو 
واغلبهم  دارسين  بالكويت  بحكم  انهم    من  فئة  البدون   
تخيلو  الكويت  كل  سنه  تدز  طلبه  بالالاف  يروحون  يتخرجون  ويرجعون  محد  يقلب  سوقهم  الا  من  رحم  ربي  مو  قصدى  سوء  في  عيالنا   
لكن  هالدول  تاخذ  النوابغ  ماتخذ  شخص  عادى 
 
الي  بيفهم  عاد
tweet-155	نقلاً  عن  صحيفة  الديلي  ميل  البريطانية:  الفياجرا..  علاج  جديد  لـ  #فيروس_كورونا    لإحتوائه  على  غاز  يُمدّد  الأوعية  الدموية؛  مايسمح  بتدفق  المزيد  من  الأكسجين  للرئتين. 
   
  https://t.co/yXzCmChiry
tweet-156	#عاجل  | 
 
وزارة  الحج  السعودية:  إقامة  حج  هذا  العام  بأعداد  محدودة  جداً  للراغبين  في  أداء  مناسك  الحج  لمختلف  الجنسيات  من  الموجودين  داخل  المملكة  https://t.co/o5OZINTPjy
tweet-159	قنونو  النونو    ....بعد  تصريحات  الزعيم  السيسي 
قواتنا  ستقتحم  الأراضي  المصريه  بعد  ٥  ايام  🤣🤣🤣 
اشمعنى  ٥  يا  نونو  ماتخليهم    ٧  ونص  ولا  اقولك  ١٠  ايام  عشان  بتفائل  بالرقم  دة  🤔 
خد  بالك  في  كمين  عند  اول  السلوم  رئيس  المباحث  هناك  مابيرحمش    🤣👌 
 
اه  ياعرض  انت  واللي  مشغلك😜  https://t.co/LfBfPJmRqQ
tweet-165	الإمام  /  إمرأة   
المسجد/  التوحيد  بكندا   
المتوفي  /  الملحده  الشاذه  ساره  حجازي 
الصلاه  /  مختلطه   
القبله  /  مزينه  بعلم  المثليين  ! 
ألا  لعنة  الله  علي  القوم  الظالمين  !  https://t.co/qIyCDzmcUS
tweet-166	قصة  ملهمة💡 
مليونير  أميركي  اسمه  جون  فورد،  يملك  19  قناة  أمريكية،  كان  شغله  الشاغل  تشويه  صورة  الإسلام  والنيل  من  أتباعه،  فكانت  نهايته  أن  أسلم  طواعية،  وصار  من  أبرز  الدعاة! 
تأمل  في  اعتزازه  بدينه،  الذين  كان  يومًا  عدوا  له‼️  https://t.co/kz03fXyq8d
tweet-168	عاجل 
 
انفجار  في  امريكا   
يبدو  أن  العذاب  سيُصب  عليهم  صبا  https://t.co/G76kVj1Q7g
tweet-169	عالم  إسرائيلي  يكشف  عن  دواء  قد  يشفي  مرضى  كورونا  في  أيام  قليلة 
يجري  البروفيسور  إلي  شوارتز  خبير  في  الأمراض  الاستوائية  تجارب  على  "إيفرماكتين"  عقار  مضاد  للطفيليات  ويقول  إن  العقار  قد  يساعد  على  تقليص  مدة  العدوى  لدى  من  يصابون  بكورونا  ما  يسمح  لهم  بالعودة  إلى  نشاطاتهم  اليومية  في  غضون  أيام  https://t.co/SxWd1ojOP3
tweet-174	نشرت  سائحة  دنماركية  صورة  حديثة  للطفل  الذي  وجدته  سابقًا  في  "نيجيريا"  وقد  تم  التخلي  عنه  حينها  بحجة  أنه  "مسحور"  حيث  تبنته  للعلاج.  ♥️  https://t.co/Ui6ucK6Z3P
tweet-176	⭕️  عاجل   
  الصحة  العالمية  :  أيلول  المقبل  موعد  توزيع  لقاح  كورونا  في  جميع  العالم،إذ  أن  7  شركات  دولية  بدأت  بالمرحلة  الثالثة  من  إختبار  اللقاحات  وستنتهي  بعد  شهر   
 
يارب  يارب  يا  صاحب  الفرج  https://t.co/3uc9ydfF4o
tweet-177	٤٠  أسير  تركي  في  قبضه  الجيش  الليبي  بعد  قصف  تحركاتهم  من  طيارات  مجهولة. 
وواحد  هيقول  لى  حرام  مسلم  ومسلم  يرفعو  فوش  بعض  السلاح  هقله  فلسطين  أقرب  لتركيا  من  ليبيا  https://t.co/3JfRr1Koyu
tweet-183	فضيحة  مدوية  كشفتها  زلة  لسان:  رئيس  الحكومة  الفخفاخ  قال  "في  فترة  الحجر  الصحي  راقبنا  التحركات  والتجمعات  ومدى  الالتزام  بالحجر  من  خلال  مراقبة  شرائح  هواتف  المواطنين"! 
دولة  المافيا  تتجسس  عليكم  يا  توانسة.
tweet-185	طلاق  سري  بين  حسن  الرداد  وإيمي  سمير  غانم  بعد  ارتباط  دام  أزيد  من  3  سنوات  https://t.co/8BVVRPSCRt
tweet-186	#سوريا  أصدر  الاسد  المرسوم  رقم145الذي  ينص:الحكم  بالإعدام  على  كل  من  يتعامل  بالعملات  التالية  الدولار،اليورو،جنيه  استرليني،وعلى  كل  مواطن  يمتلك  إحدى  العملات  المذكورة  الإسراع  إلى  المصارف  وتحويل  ما  بحوزتهم  من  عملات  أجنبية  ما  يعادلها  بالليرةقبل  تاريخ  ١٧/٦وكل  مخالف  يتحمل  المسؤولية  كاملة  https://t.co/NqN37MS31h
tweet-190	توفي  وهو  يطوف  حول  الكعبه  طاح  قبل  الحجر  الأسود  وخلوه  يقبل  الحجر  الأسود  وهو  ميت  شوف  حسن  الخاتمه  جاته  الأمنية  وهو  يطوف 
#قروب_هند_للتبادل   
#قروب_طيف_للدعم  https://t.co/hqVzumeXpm
tweet-192	نبش  قبر  الرئيس  السابق  للعراق  صدام  حسين  لتحويل  جثمانه  الي  بلدته  تكريت 
سبحان  الله  في  هيئتة  لم  يتحلل.  نسال  الله  ان  بتقبله  شهيدا 
لم  استطع  تحميل  الفيديو  ولم  استوعب  هذا  الحدث  من  عنده  تأكيد  أو  نفي  أو  من  لديه  الفيديو 
التقطت  صوره  لوجهه  من  الفيديو     
#الحوثي_كورونا_وجه_واحد   
  👇  https://t.co/8BpntpT2kq
tweet-193	#الحظر_الكامل 
 
الربيع  الأمريكي  الشعب  يثور    ضد  #ترامب 
  السؤال  الذي  يتبادر  للذهن 
    اين  ذهبت  كورونا  ؟؟  https://t.co/ZvHkRl4hyV
tweet-198	#اردوغان_  للسيسي  اذهب  لمحاربة  اثيوبيا  واترك  ليبيا  بحالها  ولو  هي  بعيدة  عليك  ،  سأنقل  جنودك  على  حساب  تركيا  واترك  ليبيا  لاهلها  https://t.co/pyQNlvDC5B
tweet-199	إسلام  الممثلة  العالمية  ونجمة  هوليوود  الشهيرة  ليندسي  لوهان  💝💐🇸🇦🇸🇦🇸🇦🇸🇦💐💝  https://t.co/rf4Ye1XsRR
tweet-207	الحكم  بالسجن  على  #وسيم_يوسف   
بعد  أن  طبَّل  وأدى  المهمة  بنجاح..   
هذه  نهاية  كل  مطبل. 
حيث  حكمت  عليه  محكمة  الجنايات  في  أمارة  أبوظبي   
بالسجن  5  سنوات  بتهمة  التحريض  على  وسائل  التواصل  الإجتماع  وغرامة  300الف  درهم.  #الامارات  https://t.co/IV1CFeJLpy
tweet-209	ريتوووووووويت  هنا   
شاهد  اكبر  فضيحة  فى  تاريخ  #اردوغان  رغم  كل  الاموال  التي  جمعها  من  قوت  الشعب  التركي  ورغم  كل  القوافل  التى  استولى  عليها  ترك  اهالي  اكبر  حي  فى  مدينة  #اسطنبول  يتقاتلون  على  زجاجة  زيت  وكيلو  رز  وكمامة  وقناة  #الجزيرة  تنشر  الخبر  ثم  تحذفه  وجماعة  #الإخوان  سكتم  بكتم  https://t.co/sXQj5bZOAG
tweet-220	فرنسا  ترمي  علم  الاتحاد  الأوروبي  وتحط  علم  بلدها  مكانه،  يبدوا  أن  أحد  آثار  كورونا  تفكك  الاتحاد  الأوربي... 
وقبلها  ایطالیا  واسبانیا  https://t.co/tbvro2kgW7
tweet-222	@AntonioIHaddad  #القرار_للشعب   
اول  شحنه  من  اجهزه  التنفس  الاسرائيليه  لكي  تتنفس  المقاومه.. 
ويتنفس  مسؤلين  من  #ايران_منبع_الارهاب 
 
لا  بقى  تسمعونا  صوتكم. 
 
العدو  انتم  حلفائه  ..وحامين  حدوده  .. 
دم  الشهداء  برقبتكم  يا  خونه  .. 
رح  تعملو  اي  شي  لتحافضو  ع  وجود  سلاحكم  ل  بطل  اله  مبرر  .. 
 
سقط  #حزب_الله_الارهابي  .  https://t.co/zxRW6miCZ3
tweet-224	اغتيال  رئيس  الفريق  العلمي  الذي  يجري  التجارب  النهائية  علي  اللقاح  الخاص  بفيروس  الكورونا  في  ألمانية  البروفيسور  التونسي  محمود  عبدالقادر  البزرتي  مما  يشكل  انتكاسة  كبيرة  للجهود  العالمية  في  مكافحة  فيروس  الكورونا#  السؤال  هنا  من  له  المصلحه  في  اغتيال  هذا  العالم  والبشرية
tweet-225	هذا  هو  رئيس  الهند  (من  الهندوس)  اللي  قبل  فتره  وجيزة،  أمر  الهندوسيين،  بهدم  مساجد  المسلمين    وطردهم  من  الهند،  واليوم  سبحان  الله  تعالي  أعترف  الآن  ان  هذا  الوباء  جند  من  جنود  الله،  وأعترف  أمام  شعبه  انه  أخطأ  في  اعتداؤه  علي  المسلمين.  وقال  الدين  الاسلام  هو  الدين  الصحيح  ويجب  أن  نعترف  به!  https://t.co/6pjYuEj9Nz
tweet-231	صاحب  بيت  في  القطيف  خايف  من  كورونا  قام  لف  كل  بيته  في  قصدير  باقي  يدخله  الفرن  😂😂😂😂🔥  https://t.co/sswtC2GwJn
tweet-232	بالنسبة  اللي  اعد  يدعي  "  يا  رب  نيزك  بقى  ..  يا  رب  نيزك  بقى"...   
 
احب  اقوله  انه  وقع  في  نيجيريا  🇳🇬🇳🇬  https://t.co/PFVcu3eKjW
tweet-233	جندي  يحمل  حمار  في  حقل  الغام  ليس  حبًا  به  لكن  خوفا  ان  يدوس  الحمار  على  احد  الألغام  ويتسبب  في  قتله  وقتل  من  حوله  ..   
هذا  حالي  مع  ''  الحمار''  مضطر  ان  أتحمله  خاصة  في  هذه  الظروف  حتى  لا  ''  يبعر  بها''  ويخربها!
tweet-234	#تركيا  الان  |  عاجل  ..#أردوغان  يعلن  تفشي  #كورونا  في  صفوف  الجيش  التركي  مصرحا  :   
"  سيخضع  جنودنا  مدة  14  يومًا  للحجر  الصحي  الملائم 
وسيتم  استدعاؤهم  وتسريحهم  بطريقة  مضبوطة"  https://t.co/durgRDAUOl
tweet-237	الله  أكبر  !! 
مجلس  الشيوخ  الآمريكي 
يفتتحون  المجلس  بالقرآن  الكريم 
بحضور  الرئيس  الآمريكي 
 
الإسلام  يعلو  ولا  يعلى  عليه❤️✌️  https://t.co/k7mM4nkSsQ
tweet-241	#عاجل 
بأمر  من  صاحب  الجلالة  المملكة  المغربية  تقرر  ارسال  طائرات  عسكرية  محملة  بمواد  غدائية  للمدن  المتضررة  بإيطاليا..  https://t.co/wsm4kGw9WC
tweet-244	مارين  لوبان  سياسية    الفرنسية  تقول   
"  لن  نقبل  أي  مسؤول  عربي  في  مستشفياتنا  لمواجهة  فيروس  كورونا  " 
و  تضيف  :  "  كان  لديهم  60  سنة  بين  أيديهم  لبناء  مستشفيات  تحفظ  الشرف  لكنهم  لم  يفعلوا  ذلك  " 
    أتمنى  أن  لا  يستقبلهم  أي  مستشفى  في  أوروبا  و  أن  يعالجوا  في  مستشفيات  بلدانهم  ليعرفوا  حجم  الضرر  https://t.co/iJwcz2yUPM
tweet-249	اليهود  الغربيين  الحيرديم  في  "إسرائيل"؛  يرفضون  الإنصياع  لتوجيهات  حكومتهم  الصحية.  ويقولون  بأنهم  ملتزمون  بفتوى  حاخامهم  بأنّ  كورونا  ليس  وباء  لأنّه  لم  يقتل  ثلاثة  يهود  . 
حيث  خرجوا  مجتعين  فقامت  شرطة  الاحتلال  بتعقيمهم  بهذه  الطريقة  .  https://t.co/KJCzG5jtul
tweet-251	اليوم  بدأ  الجيش  الامريكي  ببيع  المواد  الغذائية  للشعب  باسعار  مخفضة   
ياريت  بتوع  الثورة  والاخوان  اللي  كانوا  بيتريقوا  على  الجيش  المصري  يخرسوااااااا  خالص  https://t.co/5dI9NOu94h
tweet-253	اجيال   
تحذير  من  خطورة  كورونا  منذ  عام  2013 
 
#مجلة_سيدتي  للمرأة  العربية..  المنشور  بعددها  سنة  2013  تنشر  تقريرها  كاملا  عن  #فيروس_كورونا..  مع  الدكتور  الأحمدي  خاطر..  يعني  الرجل  تحدث  عن  مخاطر  المرض..  وذكر  الدول  اللي  انتشر  الوباء  https://t.co/87x28j9C4c
tweet-254	كورونا  خبلت  العالم   
عطس  مقدم  البرنامج  وهرب  الضيف 
(نائب  وزير  الصحة  القطري)😂  https://t.co/QsvrbbxKCX
tweet-256	#فيروس_كورونا_المستجد  رحلة  الخطوط  الاثيوبية  قبل  قليل  قادمة  من  إيطاليا  الي  مطار  اديس  معظم  الركاب  مصابون  بالفيروس  لاحول  ولا  قوه  الا  بالله  #منقول  https://t.co/q9ZQr7Zl0R
tweet-259	تنظيم  داعش  يعلن  وقف  جميع  العمليات  الإرهابية  لـ  حين  الانتهاء  مـ  مواجهة  فيروس  كورونا..  داعش👈  انا  ف  الإنسانيه  معنديش  ياما  ارحميني🌚😂  https://t.co/4Y3hBoOkou
tweet-261	طاقم  المستشفى  اللي  فيه  الحجر  الصحي  ل  توم  هانكس  ارسلو  له  ويلسون  عشان  يسليه  😭😭😭😭  https://t.co/K7cNKbvDlu
tweet-268	صورة  اليوم:خلال  الاجتماع  الذي  عُقد  في  موسكو  بين  أردوغان  وبوتين،وقف  الوفد  التركي  تحت  تمثال  كاترين  الثانية  وهي  إحدى  أشهر  أباطرة  الروس  ،هزمت  العثمانيين  في  اكثر  من  معركة  حتى  التوقيع  على  معاهدة  كينجارية  نهاية  القرن  ١٨والتي  كشفت  عن  أفول  نجم  العثمانيين  كقوة  عالمية  https://t.co/S5X0Ct4IQq
tweet-270	فرحت  لما  شفت  الخبر  ده  ماشاءالله  ربنا  يوفقك  حبيبتي  لكل  مجتهد  نصيب  💞 
الطفلة  الفلسطينية  سارة  التي  تمسكت  بكتبها  لحظة  هدم  بيتها  على  يد  الاحتلال  الإسرائيلي  عام  2003..كبرت  ..  تحمل  الآن  درجة    الماجستير  في  اللغات،  وتعمل    محاضرة  في  جامعة  كندية  مرموقة  .  https://t.co/DWhbP4fiCj
tweet-274	هانى  شاكر    يقرر  الغاء  التيك  توك    من  مصر    🙄 
ايه  يا  أستاذ  هانى  متاخد  مننا  الموبيلات  بالمره    😂😂.  https://t.co/4tka0qLB3Q
tweet-276	قلب  المرأة،  اذا  غضبت  ...لهذا  امر  رسول  الله  صلى  الله  عليه  وسلم  رفقا  بالقوارير  واستوصو  بالنساء  خيرا❤  https://t.co/SrDVpDyaYX
tweet-279	#ياسلام  على  التقوى  والورع  😀 
 
أردو  غان  يفرض  الأذان  الموحد  بصوته  في  جميع  مساجد  تركيا    😂  https://t.co/1YH0y7vrPe
tweet-280	صحف  محلية  تنشر  عن  تنفيذ  إعدام  #هشام_عشماوي  لإدانته  في  قضيتي  "الفرافرة"  و"أنصار  بيت  المقدس  الثالثة"  https://t.co/3NfgjWWyjG
tweet-288	مساء  الخير 
رد  فعل  تاريخي  للمترجمه  الايطاليه  حيث  اخطأ  الرئيس  ترامب  في  اسم  الرئيس  الايطالي 
بدلا  من  ان  يقول  الرئيس  الايطالي  ماتاريلا 
قال  الرئيس  الايطالي  موتزاريلا  😂  https://t.co/WVuGBA80kc
tweet-297	الظلم  ظلمات  ...  عند  الله  تجتمع  الخصوم  ... 
 
ظلم_عمر  البشير   
 
هذا  رجل  عثر  علية  مسجوناً    منذ  عام  1995  ضمن  الكثيرين  وهذا  السجن  تحت  الأرض  تحت  المسجد  بأم  درمان    وما  خفي  أعظم  . 
 
هذا  ألسجين  هو    العقيد/    ابراهيم  شمس  الدين  (    وزير  الدفاع  السودانى  السابق)      الذي  أعلن  نظام  عمر  البشير  انه  https://t.co/qcY2rTP9zJ
tweet-299	مرحبا  يا  ابن  الساقطة...  هكذا  وصف  هذا  الطفل  الرئيس  الأمريكي  دونالد  ترامب  🤣  https://t.co/3rIm8qbjBZ
tweet-300	هروب  ميلشيات  البوليساريو  من  معبر  الكركارات  بعد  تقدم  الجيش  المغربي  .. 
 
لم  يكن  المغرب  في  تاريخه  اضعف  من  اليوم  عسكريا  وسياسيا  ، 
جوج  ديال  المرتزقة  حفيانين  نصرف  عليهم  الملايير  وفي  الاخير  يقطعون  الطريق  ويهددون  الحدود  https://t.co/7Fu9KnmXSo
tweet-303	بوتين  يغني  في  ذا  فويس  ,, 
 
شوفو  المفاجأة  ع  وجوه  الحكام  ,,  http://t.co/seR90Xhiet
tweet-306	ليسوا_ماسحي_أحذيه 
إنما  هم  مدراء    شركة  باليابان،  اعتادوا  على  مسح  أحذية  للموظفين  الجدد 
ليكسروا  حاجز  التكبر  في  نفوسهم،   
وحاجز  الخوف  عند    الموظفين  الجدد   
حتى  يكون  الإخلاص  بالعمل  هو  المعيار  في  اليابان  لا  وجود  للتملق  للمسؤول   
فالمسؤول  موظف  كباقي  الموظفين  لكن  في  مسؤولية  أعلى   
  ليس  إلا  https://t.co/Qc9ultVUwk
tweet-307	أخرجوا  كل  من  هو  مغربي  او  عربي    من  الميترو  في  مارساي  بفرنسا  مع  الضرب  والشتم  لأبرياء    فقط  لانهم  عرب  . 
#مقاطعه_المنتجات_الفرنسيه14  #ايهما_الذ_الحب_ام_القهوه  #امنيه_تبيها_ونفسك_فيها  #بوبيان_كل_ثلاثاء  https://t.co/7B7V3rFyXs
tweet-310	#حازم_إمام  يدرس  الترشح  على  منصب  رئيس  #الزمالك   
 
https://t.co/L7OZgPKd3X  https://t.co/AohLdnzivF
tweet-312	الاعلام  الامريكي  يهنئ  ال  غور  عام  2000 
بفوزه  بالانتخابات  وينصبه  رئيس  الولايات  المتحده  الامريكيه  ومن  ثم  اتضح  ان  الرئيس  هو  (  جورج  بوش)بعد  صدور  الحكم  من  المحكمه  العليا 
 
. 
هل  سيعود  هذا  المشهد؟  https://t.co/3Swxo2Cy5q
tweet-315	قنبلة  كهرومغناطيسيه  تم  إنتاجها  في  كوريا  الشماله...  لإعادة  أمريكا  إلى  العصر  الحجري.!  https://t.co/4t8KVw0oJX
tweet-323	كوشنر  زوج  ايفانكا  طلقها  بعد  خسارة  أبوها 
ليش  ولك  كوشنر  ليش
tweet-325	"ام  عبد  الله  الحسنات"  سيدة  عايشة  في  لندن،  جوزت  صاحبتها  لجوزها  علشان  بتحبهم  هما  الأتنين  وماتقدرش  تستغنى  عنهم😂  انتي  ممكن  تعملي  كدة  مع  صاحبتك  الأنتيم؟🤔  https://t.co/RgiIcaasf2
tweet-326	بنت  تصور  والدها  يلعب  بلياردو  فلمحت  #زين  الدين  زيدان  فذهب  والدها  ليدعوه  للعب  ضربة  واحدة  أمام  ابنته  شاهد  ما  حصلhttp://t.co/qCZ6P1Nrej" 
#تشلسي
tweet-327	رئيس  جمهورية  غانا  يتفقد  مشروع  نفق  ولم  يعجبه  التنفيذ  فيمتلكه  الغضب  فيأمر  بشكل  فوري  بإعتقال  المقاول  الفرنسي  بنفس  الموقع  وكل  العاملين  معه  ويوجه  للمقاول  سؤال  هل  ستعمل  ذلك  في  بلدك  . 
👇🏽👇🏽  https://t.co/syvjVv3SP8
tweet-331	الصورة  بتاريخ  2/8/1990    في  مجلس  الأمن  عندما  صوتت  مصر  لصالح  العدوان  على  العراق  بينما  امتنعت  الصين  عن  التصويت  داعية  الى  احتواء  الأزمة  بالوسائل  السلمية   
و  توضح  الصوره  نظرة  التعجب  من  الوفد  الصيني  على  نذالة  و  خسة  حكومة  عربية  وقف  الى  جانبها  العراق  مرات  عديده  https://t.co/Wqv5H361tu
tweet-334	فيديو  يظهر  فيه  عناصر  فوج  الاطفاء  والشهيد  عماد  زهرالدين💔  لحظة  فتح  باب  العنبر  ١٢  في  #مرفأ_بيروت   
السلام  على  الشهداء  الأبطال💔  😢  https://t.co/Vciai3OTjz
tweet-336	فازت  المعلمة  التونسية  🇹🇳و  رئيسة  الجمعية  التونسية  لتكنولوجيا  التربية  الحديثة  ياسمين  الصكلي  بجائزة  معلم  العالم  و  أفضل  معلمة  في  العالم. 
  و  ستحصل  على  الجائزة  يوم  22  نوفمبر  2020  بالهند  و  يمكنكم  متابعة  حفل  التكريم  و  التتويج. 
#نساء_بلاادي_مشرفينا❤🇹🇳  https://t.co/ovd9yeSPCw
tweet-337	استمتع  بـ  15  ثانية  من  صغار  الزرافة  🦒  https://t.co/GYrWOj5smn
tweet-341	عاجل..  الجيش  الأثيوبي  ينقلب  علي  أبي  أحمد  و  يرفض  احتلال  ”تيجراي  ”  |  الأخبار  |  الموجز  https://t.co/IQRX6UQdm1  #أبي  أحمد  #  تيجراي  #  الجيش  الأثيوبي  #  تيجراي    عبر  @elmogaznews
tweet-345	#الانتخابات_الأمريكية 
عاجل:  بعد  تهديد  ترمب  بالاحتجاج،  أنصار  بايدن  أمام  البيت  الأبيض  ردا  على  ترامب،  في  إحتفالية  بالنتايج  حتى  الساعة.  https://t.co/PLw3Fgbl0n
tweet-349	طفلة  مسلمة  من  أفريقيا  تفاجئ  الرئيس  الفرنسي  مكرون  أثناء  زيارته  احدى  المدارس  : 
رسول  الله  لم  يسئ  إليك  ... 
لماذا  أنت  أسأت  إليه  ...  ؟!! 
أنت  تسئ  له  لأنه  ميتاً  ... 
لو  كان  حياً  لن  تستطيع  أن  تسئ  له  !!! 
 
سبحان  الله  ،  طفله  تلقنه  درساً  ..  https://t.co/Lc13wWKehm
tweet-353	وكاله  ناسا  نشرت  صورة  رهيبه  و  عاليه  الجوده  لانفجارات  بركانية  علي  كوكب  الزهرة  https://t.co/Us7UtECygA
tweet-357	الأزهر  يعيد  فرض  الزي  الرسمي  لطلابه  من  ابتدائي  الي  الكليات  الشرعية 
طلاب  الأزهر  ٢٠٢٠  https://t.co/jEfrkrszYj
tweet-358	بعض  الدمار  الذي  خلفه  اعصار  #جوني  في  #الفلبين  اليوم  🚨 
 
#PrayForPhilippines  #RollyPh  #TyphoonGoni  https://t.co/sSVnimuZ3O
tweet-359	الصين  تبدأ  بإزالة  قُبَّات  المساجد  والقطع  الإسلامية  الأثرية  في  خطوة  لقمع  الديانة  الإسلامية  في  البلاد! 
 
الصورة  لمسجد  نانغوان  في  ينتشوان،  عاصمة  مقاطعة  نينغشيا،  والتغيير  الكبير  الذي  طرأ  عليه.  https://t.co/AAneM9mNwS
tweet-360	#شاهد    #الشرطة_الفرنسية  تقوم  بنزع  #حجاب_فتاة    بوحشية... 
 
هاكذا  تصنع  #المخابرات_الفرنسية   
الارهاب  كما  يزعمون.. 
 
#قاطع_المنتجات_فرنسا   
#الا_رسول_الله  https://t.co/7BJesUuWxW
tweet-361	@ABOABDULAZIZMO  تم  تأكيد  هوية  مطلق  النار  في  فيينا  -  إسماعيل  الحيد  ،  مسلم  سلفي  يبلغ  من  العمر  18  عامًا  ويحمل  الجنسية  الرومانية  ،  انتقل  إلى  فيينا  في  عام  2016.  https://t.co/C5bkXTSNNh
tweet-363	مجموعة  من  الفرنسيين  يعملون  وقفة  عزاء  للأستاذ  الذي  استهزاء  برسول  و  قتله  الشيشاني  فمر  مغربي  جنبهم  وقال  الله  اكبر  بصوت  مرتفع    فهربوا  بشكل  هستيري  من  الخوف  و  الغريب  في  الأمر  يوجد  معهم  حتى  المسلمين  والمسلمات  في  وقفة  العزاء 
 
سبحان  الله  مزروع  الرعب  فيهم  https://t.co/6xXMw6O4pA
tweet-364	#بنزرت  :  بعد  إستلامه  لجثة  والده  ودفنها  منذ  أسبوع 
  تلقى  مكالمة  من  والده  يستفسره  سر  غيابه  عن  زيارته  في  المستشفى  . 
أكثر  من  هكة  ماعادش  إنجم  نحكيلكم  على  تونس   
😔
tweet-365	الكاميرات  الفرنسية  رصدت    تلك  الاعتداءت    علي  المحجبات😢😢 
#لن_تخدعنا_ماكرون  https://t.co/xV0XrIBRhR
tweet-368	رئيس  جمهورية  غامبيا  يفاجئ  العالم  باعلان  دخول  دولته  الى  الاسلام  واعلانها  دولة  اسلامية  وسط  ذهول  امريكي  و  اوربي  الحمد  لله  اللهم  اعز  الاسلام  والمسلمين  واخذل  الكفار  والملحدين  👍👍🙏  https://t.co/TzKyLmMcQT
tweet-372	تصريح  #للتاريخ 
 
تير  شتيغن  :  "انا  لست  مسلم  لكن  أفضل  مخلوق  بوجهة  نظري  هو  محمد  رسول  الله  "❤ 
#PORALG  https://t.co/EsVao9bc5F
tweet-375	أول  طائرة  مساعدات  لتركيا  بعد  زلزال  ازمير 
من  الصديقة  الحميمة  لتركيا  إسرائيل  https://t.co/P4asYefUy3
tweet-378	المصلين  طردوا  سالم  الطويل 
الذي  قال  لاتقاطعوا  بضائع  فرنسا...  ما  يبونه  يصلي  بهم⁉️سبحان  الله  وللاسف  المفروض  يقاطعون  مو  بس  فرنسا  حتى  اسرائيل  والكل  يعلم  نحن  لا  نطبع  مع  اسرائيل  لا  للتطبيع  معاهم  ونحن  اهل  الكويت  والشعب  الكويتي  اهل  النخوة  ولكم  الحكم  ودمتم  سالمين  https://t.co/rnvBaGjunb
tweet-379	● 
 
من  قوة  الدقه  شوف  كيف  ترتيب  أكواب  الشاي  في  قاعة  البرلمان  الياباني  😓 
 
يالله  لاتشغلنا  إلا  في  طاعتك😂😂  https://t.co/RQLUH7CbCU
tweet-380	مسلمو  #الشيشان  يخرجون  عن  بكرة  أبيهم  نصرة  لرسول  الله  . 
 
ظهر  الإسلام  عند  العرب  ،  وربما  ينبعث  مرة  أخرى  من  عند  غير  العرب   
 
وان  تتولوا  يستبدل  قوما  غيركم  ثم  لا  تضروه  شيئا.  صدق  الله  العظيم.  https://t.co/TFyM9DioPb
tweet-384	#الوعي 
 
رواند،  مضرب  الأمثال،  ومن  جديد   
الرئيس  بول  كاغامي،  يُعيّن  الفتى  باتريك  انكروزا  (Patrick  NKruza)  ،  19  عاما،  وزيرا  ل  "  للتكنولوجيات  الحديثة  والتطوير". 
باتريك  عبقري،  حصل  على  درجة  الدكتوراه  في  هندسة  الاتصالات  الرقمية  وعمره  18. 
 
طور  برامج  وتطبيقات  عديدة  تخدم  الحكومة  الرواندية🇷🇼  https://t.co/uqtm794kXS
tweet-392	صور  لن  تروها  علي  اي  قناه  اعلاميه  او  صحف  اخباريه  او  اي  مواقع    هذه  الصوره  لمسيره  في  غزه  فلسطين  اليوم  لدعم  الرئيس  المصري  عبد  الفتاح  السيسي  خرج  الاف  من  الفلسطينين  في  مسيرة  دعم  للرئيس  المصري  شعارهم  كان 
  #السيسي_في_قلب_كل_حر 
رغم  ما  يروجه  الاعلام  الاخر  بعد  حادثة  مقتل  الصيادين  https://t.co/JyFpNvwHDp
tweet-395	الطبيب  السوداني  برﻭﻓﺴﻴﺮ  ﻋﻤﺮ  ﺑﻠﻴﻞ  ﻣﻊ  ﻣﺮﻳﺾ  ﺳﻌﻮﺩﻱ  ﺑﻤﺴﺘﺸﻔﻰ  ﺳﻮﺑﺎ  ﺍﻟﺠﺎﻣﻌﻲ  ﺑﻌﺪ  ﺍﻥ  ﺍﺟﺮﻯ  ﻟﻪ  ﺍﻭﻝ  ﻋﻤﻠﻴﺔ  ﻧﻘﻞ  ﻛﻠﻴﺔ  ﻓﻲ  ﺍﻟﺸﺮﻕ  ﺍﻻﻭﺳﻂ  عام  1972م  https://t.co/UdZW0qWIl1  https://t.co/YQZh3VAqU2
tweet-399	طبيب  عراقي  يغني  لأمّه  المصابة  بفايروس  #كورونا   
 
❤️  https://t.co/5fVTvC3hsW
tweet-405	أنثى  من  دمشق  تدفع  حوالي  حوالي  30  مليون  سوري  لكي  تحصل  على  صاحبة  أجمل  خدود  في  العالم   
شو  رأيك  عزيزي  المنصدم    المتابع؟!  😕 
#يحرق_حريشك  😂😅  https://t.co/szF0fdXh4m
tweet-408	أب  وابنه  وحفيده  يتطوعون  في  الجيش  الارميني  لمواجهة  العدوان  الاذربيجاني  المدعوم  من  تركيا  https://t.co/JILgP88yK8
tweet-412	عندما  زار  السيسى  الهند  أهدوه  تمثالاً  لغاندى  مكتوب  عليه  "تستطيع  أن  تقتل  الثوار  لكن  لا  تستطيع  أن  تقتل  الثورة"  وهو  طبعاً  واقف  زى  الحمار  الحصاوى  مش  فاهم  أى  حاجة🙊  https://t.co/xMVqH02OgX
tweet-424	@ziaddeira  بيروت  طريق  الجديدة  حلويات  صفصوف❤️❤️❤️ 
 
نصب  خيم  و  توزيع  الحلويات  احتفالاً  بخبر  اصابة  النائب  جبران  باسيل  بفايروس    كورونا  https://t.co/6MX557uD4a
tweet-432	انا  المهتمه  وانت  فصيل  وسادد  نفسي  طول  عمرك  😍 
الله  يسامحك  يا  أصاله  مين  اللي  كاتبلك  التفاصيل  دي  😂  https://t.co/ikbpYtuEG7
tweet-433	خبر  من  داخل  الديوان  الملكي  السعودي  :  وفاة  عبد  الرحمن  السديس  إثر  نوبة  قلبية  حادة  نتيجة  المعاناة  النفسية(  التي  لحقته  من  بعد  أن  أصبح  لعبة  في  يد  ابن  سلمان)  .
tweet-439	#اليوم_الوطني_السعودي90 
#خادم_الحرمين_الشريفين_الملك_سلمان 
#ولي_العهد_الأمير_محمد_بن_سلمان 
#مصر_السعودية_اليوم_الوطني_90 
مصر  تزين  الأهرامات  بعلم  السعودية  بمناسبة  اليوم  الوطني.🇸🇦 
حفظ  الله  #مصر  الحبيبة  حكومة  وشعبا..🌹🌴   
عظيمة  يا  مصر  🇪🇬  https://t.co/WUJ9RnSsJO
tweet-440	تاكد  الخبر  الان  مجهولون  يقومون  بأعتداء  على  سيارة  شرطة    بالأقصر  🔥🔥  المجد  للمجهولون  💪  #ارحل_يا_سيسي  https://t.co/O5WtgJvDP2
tweet-443	عاجل..  إصابة  مارتن  أوديجارد  نجم  ريال  مدريد  بفيروس  كورونا  😷  https://t.co/i2MP6SMvrU
tweet-445	المتحف  الروماني  بالاسكندريه  ..   
متستغربش    ،،    دا  تلاقي  الاسكندر  الاكبر  كان  سارق  وصلة  كهربا  من  تحت  السلم    😂  https://t.co/lruZ7p1wbP
tweet-446	-  المنزل  المائل  في  سان  فرانسيسكو  ،  هو  فقط  مائل  من  الخارج  ومستوي  من  الداخل  💙  !  https://t.co/LDywIIJrWf
tweet-447	أسوأ  موقف  تعرض  له  أوباما 
وافق  اوباما  خلال  فترة  حكمه  على  الأفراج  عن  4  أسرى  من  طالبان  يتواجدون  فى  سجن  جوانتانامو  مقابل  أن  تفرج  طالبان  عن  هذا  الجندى  بعد  أتمام  الصفقة  ألتقى  به  أوباما  لكنه  تفاجأ  بأنه  قد  أسلم  على  يدهم 
#القدس_بدايه_ثورتنا  https://t.co/UTn3fWHrZJ
tweet-448	هذا  الشعب  الامريكي  قاعد  يتطنز  على  الحكام  اللي  طبعوا  مع  اسرائيل  و  أمريكا  ..! 
كأنهم  عبيد  و  ترمب  يجرهم  بالسلاسل  https://t.co/bJhPwikttr
tweet-450	#يتداول   
حادث  مأساوي  في  #السكسكية  #الجنوب 
 
-لا  ينصح  به  لذوي  القلوب  الضعيفة-  https://t.co/LQCB9vAyQJ
tweet-451	هجوم  شيعة  البحرين  على  السفاره  الأمريكية  ردا  على  التطبيع  مع  اسرائيل   
شي  بكبّر  القلب   
#الحُسين_معكم 
#هيهات_منا_الذلة  https://t.co/SkRpZ0S0jw
tweet-459	آخر  صورة  التقطها  المصور  "ميتشو  هوشينو"  مصور  قناة  ديسكڤري  بعد  أن  اقتحم  دب  خيمته  وهاجمه  وقتله  عام  1996..  https://t.co/meDGIwyvaP
tweet-461	صدق  اولا  تصدق 
لا  عقاب  لمن  لا  ترتدى  الحجاب  فى  السعوديه  ابتداء  من  23  سبتمبر2020   
عاشت  إسرائيل  والسعودية  🇮🇱🧡🇸🇦  https://t.co/fm4JMVCHuF
tweet-472	شاب  سوري  يفاجئ  زوجته  الحامل  بإعلان  جنس  الجنين  على  مجمع  يلبغا  😂😂😂❤️  https://t.co/eRwHtf6ug2
tweet-479	عاجل  وفاة  امير  الكويت  صباح  الاحمد  في  امريكا  قبل  قليل  عن  عمر  يناهز  ٩١   
 
رحمه  الله  و  غفر  له  و  إنَّا  لله  و  إنَّا  إليه  راجعون   
 
خالص  العزاء  لذوي  الفقيد  و  شعب  الكويت  🇰🇼  الشقيق
tweet-480	أنباء  عن  مرور  صاروخ  فوق  الأجواء  الكويتية  قادم  من  الجانب  العراقي  https://t.co/E8a1KXpf1E
tweet-482	قرر  رجل  ثري  في  البرازيل  دفن  سيارته  من  طراز  بنتلي  حتى  يتمكن  من  استخدامها  حتى  بعد  وفاته.     
 
انتقدت  وسائل  الإعلام  قراره  واجتمعوا  قبل  تشييع  جنازة  سيارته  البنتلي 
 
#زراعة_أعضاء  https://t.co/eq95jb6LU3
tweet-484	يا  رب  سوّد  حياتي  زي  هيك  سواد  وفخامته  🖤🖤 
 
الڤيلّا  السوداء  وتقع  في  جبال  الألب  ،  في  سويسرا  وتعود  هذه  الڤيلا  الفخمة  الى  كاتبة  قصة  المسلسل  الكرتوني  المحبوب  هايدي.  https://t.co/keeJR01FcV
tweet-489	هذه  ليست  عبّارة  في  الهند  ولا  في  الصومال  ولا  حتى  باخرة  حاويات    هذه  عبّارة  تحمل  شباب  #طرابلس  والميناء  الذين  لم  يعد  لديهم  أمل  في  #لبنان  وقرروا  أن  يهاجروا  ويخاطروا  بأرواحهم  وأبنائهم  عبر  البحر  بحثاً  عن  وطن  يصلح  للعيش  لا  تحكمه  الميليشيات  وعصابات  النهب  والفساد  ...  https://t.co/dHrgkNcBZi
tweet-494	بعد  ثلاثين  يوماً  تحت  الركام  استطاع  الكلب  الشيلي  العثور  على  المواطن  (ب.  م)  من  عرب  خلدة  تحت  ركاب  المبنى  المنهار  في  الجميزة 
المواطن  المفقود  كان  يبيع  الجلاب  في  المنطقة  لحظة  وقوع  الانفجار،  وكان  بحوزته  مجموعة  من  قناني  الجلاب  كانت  السبب  في  انقاذه  طوال
tweet-496	اظهر  مقطع  فيديو  مشاهد  مأساوية  مدهشة  لغرق  “قاردن  سيتي”  الذي  يعد  من  أحياء  العاصمة  السودانية  الراقية،  ن  جراء  فيضانات  غير  مسبوقة  يشهدها    لأول  مرة  #السودان. 
 
#فيضان_السودان_2020  https://t.co/UmfJmYieM9
tweet-498	عاجل  :  BBC 
 
سكان  العالم  مهددون  بالغرق  بسبب  ارتفاع  مستوى  المياه  في  البحار  والمحيطات!   
 
ارموا  الكمامات  وجهزوا  المايوهات....  لما  نشوف  اخرتها  مع  2020 
😂😂
tweet-501	في  الصين  🇨🇳  : 
هكذا  يصبح  كلب  الهاسكي  بعد  حلق  شعره  لاستعمالها  في  صناعة  فرشاة  الرسم  العالية  الجودة  و  الباهضة  الثمن.  !!! 
. 
. 
. 
  😂😂😂😂😂😂😂😂😂  https://t.co/dJ8MtSBCYg
tweet-511	جو    بايدن   
المرشح  الديموقراطي  للرئاسة  الامريكية. 
  مسوين  معه  مقابلة  ع  الهواء   
هذا  من  الحين  نايم،  اذا  صار  رئيس  شراح  يسوي؟؟ 
👇🏼  https://t.co/MoKyrDOTge
tweet-515	في  عهد  #محمد_بن_سلمان  شيعة  الاحساء  في  مسيرة  مليونيه  ل  عاشوراء 
هجوم  الحوثي  وقصف  مدن  سعوديه  وقصف  حقول  نفطيه   
سقوط  سعر  النفط   
#رؤية_المملكة_2030  https://t.co/6VT9KPcdmJ
tweet-517	الفنان  الفلسطيني  محمد  عساف  يبارك  اتفاق  السلام  بين  الامارات  واسرائيل  في  ضجيج  الحياة  صوت  العقل  دائما  مسموع  ...  https://t.co/cIqlJhaZaN
tweet-519	#صوره_او_معلومه 
الجزائرية  حكيمة  عبد  الصمد  أول  إمرأة  جزائرية  وعربية  وإفريقية  وفي  العالم  بأسره    تقود  طائرة  حربية  في  العالم  وذلك  عام  1979    والذي  تعتبره  #الجزائر    إنجازا  فريدا  سبقت  به  العالم  بأسره.  https://t.co/jA6WPnWG42
tweet-522	أوروبا  :  نفاذ  جميع  الكتب    المعروضة  للبيع  بسبب  البقاء  الإجباري  في  المنازل  .. 
 
أيها  العرب  ماذا  نفذ  عندكم  ؟  https://t.co/s0nZaFV4J2
tweet-527	صورة  للعاملين  في  مختبرات  فحص  عينات  فيروس  كورونا  في  قطاع  غزة.. 
 
كان  الله  في  عونك  يا  غزة 
تُحارب  كورونا 
وتُعاني  ألم  الحصار  منذ  14  عاماً 
أزمة  كهرباء 
أزمة  مياه 
أزمة  رواتب  الموظفين  https://t.co/slIRIomSAU
tweet-529	الاخ  العزيز  جبريل  آدم  مهاجر  سوداني  في  مدينة  ڤالنسيا  الاسبانية  🇪🇸  سلّم  للشرطة  مظروف  بداخله  مبلغ  4350€  وجده  في  الشارع  ضاع  من  مواطن  فرنسي    وبعدما  طلبوا  منه  أوراقه  الشخصية  تبين  لهم  أنه  بلا  فيزا(مهاجر  غير  شرعي)  فتم  إعادته  لموطنه  الأصلي. 
..  تستاهل  يابطل!  https://t.co/mVFPIUSAp0
tweet-530	#اردوغان_انتهي  #عاجل 
الناطق  باسم  الخارجية  الاسرائيلية  : 
أول  علاقات  لإسرائيل  كانت  مع  #تركيا  و  #اردوغان  لا  يستطيع  مجرد  التفكير  فى  قطع  العلاقة  معنا  لأنه  يعلم  جيدًا  الوثائق  التي  نملكها  ضده.  #ليبيا_مقبرة_العثمانيين
tweet-536	أبشروا  الخير  قادم  إن  شاء  الله   
المنح  الالهية  تتوالى  على  مصر..  الكشف  عن  بحر  من  الغاز  في  مصر  باحتياطي  200  تريليون  قدم/3  ..  مصر  ستصبح  دولة  نفطية  عظمي 
المنح  الالهية  تتوالى  على  مصر..  الكشف  عن  بحر  من  الغاز  في  مصر  باحتياطي  200  تريليون  قدم/3  ..  مصر  ستصبح  دولة  نفطية  عظمي  https://t.co/PjMTxp4eL2
tweet-537	#لايف_ستايل  علقت  داخل  شاحنة  ...  قطة  تونسية  ينتهى  بها  المطاف  في  ألمانيا  علقت  داخل  شاحنة  ...  #  قطة  تونسية  ينتهى  بها  المطاف  في#  ألمانيا  https://t.co/OvD2uogd3i
tweet-549	كانت  سيارة  هونـدا  أكـورد  على  بعد  400  م  من  موقع  انفجـار  بيـروت،  ورغم  شدة  الانفجار  فقد  صمدت  أبوابها  الجانبية  وفتحت  كل  أكياسها  الهوائية،  الأمر  الذي  ساهم  في  حماية  من  كانوا  بداخلها  من  الزجاج  والشظايا  المتطايرة. 
هوندا  استغلت  هذا  الحدث  تسويقيـاً  للافتخار  بصناعتها  و  تعزيز  سمعة  سيارتها.  https://t.co/29451FYSSi
tweet-551	كشفت  مراصد  جيولوجية  أوروبية  وأميركية  أن  بركان  دوبي  الخامد  الذي  يقع  داخل  أراضي  لبنان  على  مقربة  من  حدودها  مع  إسرائيل    سيثور  مجددا  بعد  هزة  أرضية  عنيفة  تقع  مساء  الاحد 
 
ويعتقد  أن  بركان  دوبي  كان  قد  ثار  آخر  مرة  عام  ٣٠٠  ق.م. 
هيذا  لبعد  ناقص  البركان  دوبي   
#منقول 
شو  بتقولو  انتو  🤦‍♂️🤦‍♂️🤦‍♂️
tweet-552	#فيتو|  أمطار  غزيرة  بـ  #الحرم_المكى  تزامنا  مع  ليلة  #رأس_السنة_الهجرية  |  فيديو  وصور 
شاهد..  https://t.co/FoqmrIaW7O  https://t.co/lMlrjItt1F
tweet-554	سيدة  بريطانية  تدعى  نيكول  جاستين  بالغة  من  العمر  70  سنة  ،  عندما  سالها  الصحفي  ما  سر  اناقتك  وجمالك  الذي  لم  يذبل  😊😊😍😍 
 
فقالت  لقد  كان  حبيبي  أردني😎😎  https://t.co/yO34aHKBgl
tweet-558	📢🔥🚨  ..... 
 
ناصر  الخليفي(رئيس  نادي  PSG  و  قنوات  bein  sports): 
"ما  زلت  عند  وعدي،إذا  تمكن  باريس  سان  جيرمان  من  تحقيق  لقب  دوري  أبطال  أوروبا  سوف  أقوم  بفتح  قنوات  bein  مجاناً  لمدة  عامٍ  كامل"...  💪⚡  https://t.co/lkyKxEk7IE
tweet-562	«لكل  داء  دواء  يستطب  به،  إلا  الحماقة  أعيت  من  يداويها» 
ولن  تكون  أخر  السقطات   
@AlainBRK 
عاجل|  الحكومة  الفلسطينية  تتراجع  عن  خطابها  العدائي  تجاه  الإمارات  بعد  معاهدة  السلام  مع  إسرائيل  استجابة  للرفض  الشعبي  الفلسطيني
tweet-563	🌹🌺 
للتذكير  فقط  ..  🤚 
#صورة  المهندس  الفلسطيني  احمد  الطويل  الذي  صمم  مدينة  دبي  مع  الشيخ  زايد  👍 
واليوم  جايين  يقسموا  فلسطين  مع  الاحتلال  ويتحكموا  بمصيرها  ؟!  😁  👎 
دولة  عمرها  ٤٨  سنه  تسالم  مع  كيان  عمرو  ٧٢  سنه  بينما  اصغر  زيتونة  بفلسطين  عمرها  ٢٠٠٠  سنه    🇵🇸✌ 
#هزلت  😁👎  https://t.co/0KeejUn812
tweet-565	محمية  نبق  الجديدة  🇪🇬،  محافظة  جنوب  سيناء  https://t.co/Vh6JkXH5iZ
tweet-568	⛔#خبرهااااام_وعاجل  |  ولأول  مرة  ترامب  وبوتين  يتفقان  علي  طرد  أردوغان  من  ليبيا  ⁦عملوا  حساب  لقائد  الجيش  الأعلى  المصرى   
فخامة  الرئيس  عبد  الفتاح  السيسي  ضربة  موجعة  دي  ⁦🇪🇬⁩  https://t.co/8yPJAJZSay
tweet-573	عصابات  الإحتلال  التركي  و  خنازيرها  من  السوركيين  ينهبون  آثار  #عفرين_المحتلة  علناً  دون  اي  محاسبة  دولية   
  منطقة  جنديرس  التابعة  لعفرين  المحتلة   
 
#freekurdistan  #الائتلاف_السوري_الارهابي  #الغزو_التركي  https://t.co/jSi0pe8ogi
tweet-580	قانون  امريكي  جديد  يدعم  بناة  السلام  من  الشعوب  العربية  حيال  ״قوانين  مناهضة  التطبيع״  في  بلادهم،  بادر  اليه  المجلس  العربي  للتكامل  الإقليمي  يوصي  بتضمين  أي  خطوات  إيجابية  تتخذها  الحكومات  العربية  لتشجيع  الانخراط  على  المستوى  الشعبي  بين  العرب  والإسرائيليين  للمضي  قدما  نحو  السلام  الشامل.
tweet-581	أختطفت  اطوار  في  سامراء  على  يد  مجموعة  إرهابية  بقيادة  "  يسري  فاخر  الطريقي  ما  يعرف  بـ  أبو  قدامة  التونسي  ،  و  هوَ  إرهابي  تونسي  ينتمي  إلى  تنظيم  القاعدة  الإرهابي     
 
في  تونس  قامت  سلطات  مدينة  صفاقس  بتسمية  احد  الشوارع  بأسم  الإرهابي  نظرًا  لجهاده  في  العراق  و  اقامة  مراسيم  تشييع  كبيرة  https://t.co/al3ELAZWFz
tweet-592	مجموعة  من  الراهبات  في  ولاية  كاليفورنيا  الامريكية  قررن  استغلال  اراضي  الكنيسة  و  زراعة  الحشيش  الماريجوانا   
 
الراهبة  كايت  ميوسنوقالت  "  لو  كان  الحشيش  في  زمن  اليسوع  لدخنه  لانه  يرتقي  بالروح  و  يجعلها  تسموا  في  السموات  العليا 
 
للعلم  الراهبات  حققن  ارباح  تقدر  ب1.1  مليون  دولار  خلال  سنة  واحدة  https://t.co/oKCfVrbLnq
tweet-593	📌صاحب  بيت  تركي  يرمي  أغراض  مستأجر  سوري  في  الشارع  في  مدينة  غازي  عنتاب  في  تركيا 
  سبحان  الله  الذي  لم  يمهله  طويلاً  https://t.co/QgqzKNPOR6
tweet-594	أنا  الطفل  الذي  كبر  كثيرًا  وصار  "أنا" 
محمود  درويش  ووالدته  مع  الممرضة  في  مستشفى  عكا  عام  1942م،  كان  عمره  سنة  تقريبًا  https://t.co/4My3oMyZZL
tweet-596	سعد  الحريري  يعلنها  “جميع  الرؤساء  هاتفوني  وقالو  لي  هل  تريد  مساعدات؟؛  عدا  الرئيس  أردوغان  قال  لي  طائراتنا  المحملة  بالمساعدات  تقترب  من  حدودكم” 
مليون  تحية  لسلطان  المسلمين♥️♥️ 
#لبنان  https://t.co/YkawnJr9EU
tweet-599	هذه  هي  الطريقة  التي  تصور  بها  الرسام  الإيطالي  الشهير  "والتر  مولينو"  كيف  سيكون  المستقبل  حينما  رسمها  في  صحيفة  دومنيكا  ديل  كوريو  عام  1962 
 
قد  يكون  خيال  خصب  مناسب  في  زمن  جائحة  كورونا  https://t.co/xv1rKcrreH
tweet-600	وفاة  فيروز  عن  عمر  ٨٥  سنة  في  الجامعة  الأمريكية  في  بيروت 
امس  😲  https://t.co/Cbb4CpbCbd
tweet-601	حريق  ضخم  يلتهم  سوق  الخضار  في  دبي  🇦🇪  https://t.co/8c0pDSXx8I
tweet-602	هل  يوجد  تفسير  ؟! 
 
عدد  الإصابات  بفيروس  كورونا  في  فرنسا  82861  و  في  تونس  350 
  فرنسا  تصنف  تونس  منطقة  حمراء   
تونس  تصنف  فرنسا  منطقة  خضراء
tweet-605	وكالات  عالمية:  انفجار  بيروت  هو  ثاني  أكبر  انفجار  في  العالم  بعد  انفجار  هيروشيما.  هذا  الانفجار  نصف  ضغطه  ذهب  في  البحر  وإلا  لكانت  بيروت  دُمّرت  بالكامل  لولا  العناية  الإلهية.  https://t.co/yIK3VusJ2C
tweet-607	حدث  منذ  قليل  اشتعال  النيران  في  مجمع  محاكم  قنا  https://t.co/TieQkYJj42
tweet-611	قال  #بنيامين_نتنياهو  #رئيس_الوزراء  #الإسرائيلي  في  تعليق  على  حادثة  التفجير    في  مرفأ  #بيروت..  إننا  ضربنا  من  استهدفنا  وعلى  #حزب_الله  أن  يفهم  الرسالة!  https://t.co/xj1W0TB1sx
tweet-614	ساعة  شارع  الحبيب  بورقيبة  في  #تونس  تضئ  بالعلم  اللبناني  تضامنا  مع  #لبنان  و  الشعب  اللبناني  لحادث  إنفجار  #بيروت  الاليم  🇱🇧 
كل  الحب  🙏🏻❤️  https://t.co/L49uPSNEBY
tweet-616	#انفجار_مرفأ_بيروت   
 
إعلام  الاحتلال  ينشر  صورة  جوية  لمكان  الانفجار  الذي  وقع  في  مرفأ  بيروت،  أمس.  https://t.co/mX5zfdkhea
tweet-618	اول  عسكري  مصري   
اسير  بيد  الجيش  الحر   
#ريف_إدلب 
@ALThani_T_a  @ALThani_M  @mohsinQtr  @trumb78739686   
@DRaALTHANI  https://t.co/yxiPsa7RE1
tweet-622	الفنان  الرائع  #احمد_عيد  فى  غيبوبه  سكر  ودخل  المستشفى  الف  سلامة  عليك  ربنا  يشفيك  ويعافيك  يارب   
طبعا  ماحدش  جاب  سيرة  عشان  أحمد  من  القليلين  المحترمين  فى  الوسط  معلش  يا  احمد  اصل  انت  مش  #رجاءالجداوي
tweet-623	تحاربون  الاسلام  وسوف  تذهبون  و  يبقى  الاسلام 
 
مستشار  ابن  سلمان،  #تركي_آل_الشيخ  رئيس  هيئة  الترفيه  يصل  نيويورك  بعد  تدهور  حالته  الصحية  .. 
 
اللهم  لا  شماتة..  https://t.co/TnhKzP7gum
tweet-625	اسم  النبي  محمد  صلى  الله  عليه  وسلم  يظهر  في  سماء  المدينة  المنورة  https://t.co/ZMNZJVdKWP
tweet-628	هدول  بنتين  طلعو  لامريكا  طبعا  خسرو  امن  وابوهن  ب  حرب  سوريا  ولما  راحو  امريكا  قدرو  يختمو  لغة  خلال  شهرين 
مواهب  سورية👇  https://t.co/EtDbTeEI6i
tweet-637	الكاظمي  يمارس  عمله  على  ضوء  شمعة.  https://t.co/gJy5zKmfyQ
tweet-642	الهباش  يحصل  على  رخصة  حيازة  سلاح  إسرائيلية 
 
نموذج  لمستقبل  السلطة  الفلسطينية  من  وجهة  نظر  عناصرها.  https://t.co/IsJsWbB3NU
tweet-643	صحف  المملكة  المغربية  و  صور  مليكه  اليهودية  والدة  السيسي  الي  حطها  في  الثلاجة  10  ايام  https://t.co/RQGfXWRmST
tweet-644	نقلا  عن  المتحدث  العسكري  للقوات  المسلحة  المصرية  : 
القوات  البحرية  المصرية  والفرنسية  تنفذان  تدريباً  بحرياً  عابراً  فى  نطاق  البحر  المتوسط  في  اطار  دعم  جهود  الأمن  البحرى  والإستقرار  والسلم  فى  البحر  المتوسط   
#يا_سوادك_يا_رجب  😂  https://t.co/GPcNblGhsQ
tweet-658	عاجل  🔴   
. 
 
. 
 
منظمة  الصحة  العالمية  تعلن  رسمياً: 
 
لقاح  جامعة  أوكسفورد  البريطانية  المضاد  لفيروس  كورونا  أثبت  فعاليته. 
. 
 
. 
بريطانيا
tweet-659	"نتفلكس"  توقف  تصوير  مسلسلاتها  في  تركيا  بسبب  تدخّل  الأتراك  لمنع  شخصية  "مثلية"  من  الظهور  في  إحدى  المسلسلات.  https://t.co/VrBaUQiVJN
tweet-660	أبو  تريكه  مع  اللي  أوسخ  منه   
أبو  تريكه  مع  المعلق  الإسرائيلي  داخل  غرفة  التحليل   
-  أبو  تريكه  أصر  على  إلتقاط  صورة  معه  وهو  في  كامل  السعاده   
-  أصل  أنا  افتكرت  التيشرت  بتاع  "تعاطفا  مع  غزه"  فمستغرب  🙄🤔🧐  https://t.co/r5ThPneuHJ
tweet-662	العرب  في  #إسرائيل  ينخرطون  في  كافّة  مجالات  الحياة  الإسرائيلية  الّتي  تفتح  أمام  مواطنيها  كافّة  الطرق  للنجاح  والتفوق.  وهذه  أمثلة  لبعض  المواطنين  العرب  الإسرائيليين  الّذين  تسلّقوا  الجبال،  وبلغوا  القمم  ليلمع  نجمهم  كلٌّ  في  مجاله…  كم  منهم  تعرفون؟ 
#أنا_عربي_وإسرائيلي  https://t.co/TbhSFLKchN
tweet-678	احتراق  مخازن  الامازون  https://t.co/67RELybCDE
tweet-679	الحمد  لله  الذي  بنعمته  تتم  الصالحات   
،،، 
تم  طرد  توكل  كرمان  من  إدارة  الفيس  بوك 
دام  عزك  يا  السعودية  🇸🇦🇸🇦🇸🇦
tweet-680	خليلي  من  عائلة  ابو  ميّالة  صاحب  مطعم  في  مدينة  منيسوتا  في  الولايات  المتحدة  الأمريكية  سبب  رئيسي  في  المظاهرات  اللي  بتصير  بأمريكا. 
جورج  فلوريد  الراجل  الأسود  يلي  مات  ،  فات  على  المطعم  اشترى  وجبة  ولما  دفع  ،  اعطى  الخليلي  عملة  مزورة. 
والخليلي  إشتكى  عليه  للشرطة  بعدين  صار  كل  هالدوشة.
tweet-681	#إيران  تنشىء  مزار  للأمريكي  جورج  فلويد  الذي  قتل  على  يد  شرطي  امريكي!!  طلع  هندي  من  ال  الخميني  😂  https://t.co/5hqwE99129
tweet-682	غداً  سيتم  فك  أول  سيدة  مجمدة  بالنيتروجين  السائل  منذ  عام  ١٩٧٩ 
اعلنت  مستشفى  Solai  بمدينة  طوكيو  عن  اذابة  الجليد  و  فك  المريضه  المجمده  منذ  حوالي  ٤١  سنة 
يقول  الدكتور    (يوشينوري  أوسومي)    أن  المريضة  عراقية  الجنسية  كانت  تعانى  من  الالتهاب  الكبدي  الوبائى  (Hebatitis  type  C)  https://t.co/fP66iPn2Ij
tweet-684	استدعى  ترامب  قانون  الانتفاضة  لعام  1807  -  وهو  استخدام  استثنائي  للقوة  العسكرية  -  لتطهير  المتظاهرين  السلميين  في  البيت  الأبيض  ،  حتى  يتمكن  من  المشي  مع  مساعدين  لكنيسة  القديس  يوحنا.  لقد  حشد  الجيش  الأمريكي  لأول  مرة  منذ  200  عام  -  لالتقاط  صورة  فوتوغرافية  https://t.co/wIvwlO93Qq
tweet-688	ده  امريكى  عامل  مصلحه  على  الضيق  كده  بيبيع  طوب  للمتظاهرين  😂😂  https://t.co/Oo4QULQwux
tweet-692	انطلقت  جلسة  مساءلة  زعيم  إخوان  #تونس  #راشد_الغنوشي  أمام  البرلمان  لمساءلته  بشأن  تحركاته  الخارجية  المشبوهة  واتصالاته  التي  باتت  تهدد  وتغضب  التونسيين  وتهدد  دبلوماسية  بلادهم 
https://t.co/qOcsGuVOx8
tweet-695	تطور  الوضع  #بامريكا  ...  سرقة  بنك  وتوزيع  الفلوس  على  الجمهور. 
#أميركا_تنتفض  https://t.co/dacFbKe9eH
tweet-700	أردني  أبنته  مريضة  جداً،  منعته  الشرطة  من  المرور  للمستشفى  وتوفيت  البنت  بعد  نصف  ساعة  ،  عاد  والدها  إليهم  وقتل  5  منهم  في  النقطة  الامنية  .  https://t.co/zGxvOHmOiK
tweet-703	تنبؤات  مسلسل  #سيمبسون  على  ما  يحدث  الآن  في  امريكا!   
 
#الأردن_اليوم  https://t.co/c19yvjJtos
tweet-706	إنا  لله  وإنا  إليه  راجعون. 
 
أغرب  حالة  وفاة  ! 
 
توفي  في  سوق  عام  وهو  واقف  والكيس  لم  يسقط  من  يده  !  https://t.co/M135YGNZji
tweet-710	عندما  تشاهد  مؤتمر  خاص  بأكبر  منظمة  للصحة  العالمية  #منظمة_الصحة_العالمية 
بلا  تباعد  جسدي  وبلا  قفازات  ولا  كمامات  تخلق  في  ذهنك  العديد  من  الأفكار  في  ضل  الإجراءات  والضوابط  الأحترازية  التي  اتخذتها  الدول  في  الحد  من  انتشار  #فيروس_كورونا  https://t.co/1JUJrQS5at
tweet-711	مش  شرط  تكون  بتشتري  من  مول  او  من  مكان  بسيط  دي  غرزه  لبيع  الحشيش  فى  المقابر  نحب  نشكر  صاحبها  ع  التنظيم  الرائع.حقك  يامعلم  نشكرك  .👌😄  https://t.co/QjcGwjfLRN
tweet-712	مقتل  طفل  سوري  يدعى  إبراهيم  ريا  في  ليبيا  وهو  مقاتل  سوري  مرتزق  لصالح  حكومة  الوفاق  وتركيا  https://t.co/ew8wMflkpU
tweet-718	القبض  على  ابو  حذيفه  القزازى 
المجرم  🐑الارهابي💣  خاين  الوطن 
المتورط  فى💣  💣قتل💣  النائب  العام 
وتنفيذ  اكتر  من  76عمليه  بالقاهرة  وسيناء  وبحوزته  💣حزام  ناسف  💣واسلحه  ثقيله 
بعد  مطارده  ناجحه  من  قوات  الأمن  الوطني   
هدييييييه  العيييييد 
حفظ  الله  الوطن  تحيا  مصر  https://t.co/Cav8OqClRl
tweet-719	@Dhahi_Khalfan  قريب  انشالله  راح  تندثرو    وتكون  دولة  الإمارات  شيئ  من  الماضي  ويرجع  كل  فرع  الى  اصله! 
لاحظ  الصورة  هذي  ليست  فوتوشوب  طرقات  في  دبي  بسبب  الحظر  المفروض  بسبب  فيروس  #كورونا  اندثرت  وغطتها  الرمال!  https://t.co/x9OYLSzy7k
tweet-721	جده  روسيه  كتبت  على  حسابها  على  الانستغرام:     
"لقد  كبرنا"..! 
من  يملك  قوة  نظر  قوية  يستطيع  أن  يميز  بين  الجده  والام  والاحفاد؟  🤔  https://t.co/MYQkqRuFk4
tweet-722	حسبي  الله  ونعم  الوكيل   
جندي  إسرائيلي  يخنق  طفلا  فلسطينيا  حتى  الموت  في  مظاهرة  أمام  السفارة  الأمريكية  في  القدس   
الفيديو  تم  حذفه  من  اليوتيوب  أعيدوا  تغريده  ونشره  على  جميع  وسائل  الإعلام  https://t.co/NXkcimFHSD
tweet-725	عرض  جثة  المواطن  الأوكراني  المخطوف  في  العاصمة  الليبية  طرابلس  على  يد  عصابة  مسلحة  منذ  أشهر..  وتقديمه  للرآى  العام  المحلي  والدولي  على  أنه  عسكري  روسي  قتل  في  المواجهات  الآخيرة    ..  يقتضي  من  السفارتين  الروسية  الأوكرانية  في  ليبيا  متابعة  الأمر  وطلب  توضيح  بخصوص  ذلك  للتأكد  من  الموضوع  !!
tweet-728	فلاديمير  بوتين  عندما  كان  في  قوات  لــ  KGB 
يقدم  الضيافة  للرئيس  صدام  حسين  عند  زيارته   
للاتحاد  السوفيتي  عام  1979  .  https://t.co/5HwPXtY6G5
tweet-730	"  عصام  العطار  "  في  ذمة  الله  . 
من  أبرز  معارضي  حافظ  وبشار  الأسد  وقتلوا  عائلته  ومات  صابرا  لا  تنسوه  من  دعائكم 
من  باب  الأمانة  الخبر  للتأكيد  https://t.co/Jtnovy29J9
tweet-731	#ليبيا  —  مصادر  الحدث:  أنباء  عن  وصول  وفد  أميركي  إلى  بنغازي  لبحث  مساعي  الحل
tweet-733	السعودية  تقرر  (  مشكورة)  تسليم  العراق  ٣  مليار  دولار  عقب  زيارة  الوفد  العراقي  الى  المملكة  العربية  السعودية  اليوم  لتسدديد  رواتب  ومستحقات  الموظفين  العراقيين    .. 
ابو  خميني  دتشووف   
خامنئي  دتشووف 
كمنه  نستجدي  من    ورا  شعاراتكم  الزائفه  وياريت  لو  الفلوس  للعراقيين  حتروح  لجيوب  الحرامية
tweet-737	هذه  السيدة  التركية  تدعى"Eşe  Gelebek"  و  تبلغ  من  العمر  126  عام،  وعدد  أولادها  13  وهي  جدة  ل  400  حفيد،  أصبحت  أكبر  شخص  بالعالم  شفي  تماما  من  فايروس  كورونا  🙏❤  https://t.co/zHf3ODPXU3
tweet-741	انتهاء  جائحه  كورونا  من  السعوديه  الخامس  من  شهر  شوال  اللهم  لك  الحمد  والشكر
tweet-742	ابنة  الرئيس  الامريكي  السابق  (  جينا  )  جورج  بوش  تعتنق  الاسلام  وتعلن  اسلامها  وتصبح  داعية  ،  وجورج  بوش  يصرح  هذه  لعنة  اطفال  ونساء  العراق  https://t.co/jjfjovOtS0
tweet-745	أظهرت  دراسة  ألمانية  تم  نشرها  على  BBC  ان  فايروس  #كورونا  قد  فقد  60%  من  قوته  وشراسته  التى  كان  عليها  فى  بداياته  .  كما  ذكرت  منظمة  الصحة  العالمية  ان  #كورونا_الجديد  باق  و  سيستمر  طويلا  .  فما  الحل  ؟    وقف  ام  استمرار  حياتنا  ؟  تكيف  إهتم  بمناعتك  الشخصية  وسبل  الوقاية  وتحول  من  الدفاع  للهجوم  .  https://t.co/2oW8LgXmIE
tweet-746	#اليمن   
من  قال  عنهم  رسول  الله(أتاكم  أهلُ  اليمنِ  وهم  أرقُّ  قُلُوبًا  مِنكُمْ)صححه  الألباني 
 
مقاتل  يمني  يعطي  طعام  الإفطار  لجنود  سعوديين  بعد  تأخر  وصول  الإمدادات  لهم. 
هذه  أخلاق  أتباع  أهل  البيت  عليهم  السلام  وصحابته  الكرام  رضوان  الله  عليهم. 
 
منقول  عن  الصديقة  فاتن  حجازي  مع  بعض  الإدخالات.  https://t.co/nYh11XC3Kh
tweet-748	قناة  فوكس  نيوز  الأميركية  تعلن  عن  إصابة  الرئيس  الامريكي  دونالد  ترامب  بفايروس  #كورونا  .   
 
#رفع_علم_المثليين_انتهاك_للدستور  https://t.co/p9UIB2S2GI
tweet-751	🚨🎙تصريح  رياض  محرز  عبر  الأنستغرام: 
 
"الفوز  باللقب  الإفريقي  هو  للشعب  الجزائري  فقط  ولا  غير،  والقليل  من  التونسيين،  أما  المغاربة  فلا  داعي  لفرحتهم  لنا  ولا  داعي  أن  يشجعونا"  https://t.co/7KADJQauUb
tweet-754	صدمة  خبر  وفاة  "طبيب  الغلابة"  الدكتور  محمد  مشالي 
 
https://t.co/eYTukciBhE
tweet-757	جبل  السيدة  النائمة  .....ألاسكا  ⁦⁦⛰️⁩⁦⛰️🎩   
قلب  ❤  لو  اول  مرة  تشوف  https://t.co/Q9IQyeQbBT
tweet-760	التاريخ  لا  ينسى  ان  جاكلين  كينيدي 
وهي  تحاول  القفز  من  السيارة  عقب  إغتيال  زوجها  برصاصة  أصابت  رأسه  مباشرة  عام  1963 
قفزت  وتركت  شريك  حياتها   
قفزت  وتركت  أحب  شخص  إلى  قلبها  يصارع  الموت  قفزت  ولم  تفكر  إلا  في  نفسها   
مهما  بلغت  الأنثى  من  مراتب  الحب  فلن  تصل  لمرحلة  التضحيه  مثل  الرجل 
 
ما  صحيح  هذا  https://t.co/cbO6zlIV0h
tweet-761	التلفزيون  الالماني  والاعلام  الغربي  ينشر  فيديو  للرئيس  #السيسي  عندما  اوقف  سيارته  سيدتان  وهو  يتجول  فى  مدينة  الرحاب  بسيارته  قبل  الافطار  اليوم  وسقطت  #الجزيرة  ارضا  بعد  ان  فارقت  الحياة  بسبب  الصدمة  وانباء  عن  نقل  #الإخوان  والثورجية  الى  العناية  المركزة  https://t.co/SMpjpjMtoq
tweet-762	باباجان(وزير  الاقتصادي  التركي  السابق):   
تركيا  على  وشك  الإفلاس  ورصيد  الاحتياطي  صفر
tweet-764	الفديو  مفبرك  لا  هذا  لبس  شرطه  ولا  هذا  طبع  شرطتنا.    وكل  المصريين  هنا  يعرفون  هذا  الشي.        #سحل_مصري_في_السعوديه              https://t.co/gqARhfGNBZ
tweet-766	يقال  أنها  أقدم  رسمة  معروفة  للحرم  المكي  الشريف  ..  رسمت  في  العصر  الجاهلي  من  قبل  الرحالة  الإغريقي  هيرودوت  سنة  ٥٣٢  للميلاد  https://t.co/lgtXZp146J
tweet-772	من  كندا  🇨🇦طفلة  عمرها  6  سنوات  عادت  أمها  من  العمل  مجهدة  ونسيت  تحضير  الطعام  ونامت  .😔البنت  جاعت  جدا  فاتصلت  بالشرطة  وقالت  لهم  انها  جائعة  سألوها  ماذا  تحبين  أن  تأكلي؟  ..😋😋طلبت  بيتزا  وفعلا  الشرطة  عزمتها  على  البيتزا  اللي  تحبها  وأحضروها  إلى  بيتها.🍕🍕ازانحنااتصلنابالشرطة  شو  بطعمونا؟  🤔  https://t.co/VCsj37ucDh
tweet-782	التلفزيون  الكويتي  و  بأمر  من  امير  الكويت  يوقف  بث  مسلسل  ام  هارون. 
#الأردن  https://t.co/eD65hBBGaZ
tweet-783	بعد  تصاعد  الاحتجاجات  في  لبنان 
ثوار  لبنان  يرسمون  أيقونة  ثورة  تشرين  العراقية  الشهيد  "صفاء  السراي"  ابن  ثنوة" 
صفاء  فكر  حي  وفكرة  ما  تموت 
#تشريع_قانون_العنف_الاسري_10  https://t.co/4PkebcHzbA
tweet-785	@Xhr02C4y8W3dDWe  @M__albugaily  قلم  سخن  خلاها  قفلت  الباب 
شيخه  آل  الصباح  في  الحجر  الصحي  في  غرفه  بفندق  في  أمريكا 
وكل  شويه  تفتح  الباب  وتكلم  حاراسات  الفندق  ويقولولها  لا  تفتحي  الباب 
وتقول  لهم  انا  شيخه  الصباح  م  #الكويت  وانفعلت  عليها  حارسه  القسم  اللي  مسؤله  عنهم  وضربتها  علي  وجهها  بالقلم 
محدش  شاف  #صفاء_بصله  والبغل  🤣  https://t.co/UbEMRsRfVe
tweet-788	أستاذ  الفيروسات  الياباني  تاسوكو  هونجو  قال،  فيروس  #كورونا  غير  طبيعي  ولو  كان  كذلك  لما  اثر  على  العالم  هكذا  ولتأثر  بدرجة  الحرارة،  ولن  ينتشر  في  موطنه  كما  ينتشر  في  سويسرا  او  المناطق  الحارة.انا  واثق  ١٠٠٪  انه  ليس  من  الخفافيش،  اذا  كنت  مخطأ  إسحبوا  جائزة  نوبل  مني  حتى  بعد  موتي.  الصين  تكذب.
tweet-792	#تقرير  صحي  خطير   
كشفت  وزارة  الصحة  عن  فحوصات  المسح  الطبي  للعينات  المجراه  على  بعض  الأجانب  من  العمالة  النظامية  والغير  نظامية  لفايروس  كورونا  ،    ظهور  أمراض  خطيرة  أخرى  على  هؤلاء  الأشخاص  إنحصرت  بالدرن  والإيدز  والسل  والتهاب  الكبد  الوبائي  والهربز  ..
tweet-798	قضى  فيروس  #كورونا  على  حركة  الطيران  في  #تركيا  فحولت  مدرج  مطار  أتاتورك  #إسطنبول  ✈️  لمستشفى  لعلاج  ضحايا  الفيروس  https://t.co/EzvLEPfiiB
tweet-803	عاجل  |  أردوغان:  نمهل  النظام  السوري  حتى  يوم  الجمعة  المقبل  للانسحاب  من  المنطقة  القريبة  من  نقاط  المراقبة  التركية
tweet-806	#كورونا 
  يقال:    هذه  الصورة  التقطت  صباح  اليوم  الجمعة  لطائرة  الخطوط  الاماراتية  مقلعة  من  دبي  إلى  بكين  (  الصين  )  وعلى  متنها  راكب  واحد  فقط  يحمل  الجنسية  السورية  https://t.co/NGyrqcEBB7
tweet-808	#شاهد  خالد  المحجوب  مدير  إدارة  التوجيه  المعنوي  بمليشيات  #حفتر  يعترف  بقصف  الكلية  العسكرية  بمنطقة  الهضبة  بالعاصمة  طرابلس 
#ليبيا  https://t.co/2Vm2lezgv2
tweet-810	التلفزيون  الكندي  يلتقط  صورة  لعبور  حوت  ضخم  تحت  جسر  صامويل  على  نهر  سان  لوران  في  كيبك،  اليوم.  https://t.co/RxSKBqnCsR
tweet-812	#عاجل  :  قصف  إسرائيلي  عنيف  على  قطاع  #غزة  الآن  .  https://t.co/H9I8VPrLYd
tweet-813	عااااااااااااااجل   
غضب  فى  الشارع  التركي  بسبب  طلب  المستشارة  الألمانية  أنجيلا  ميركل  من  الرئيس  التركي  #اردوغان  ان  يخلع  البالطو  بسبب  إجراءات  أمنية  وتحرجه  امام  الكاميرات  وهو  يستجيب  فورا  خوفا  من  عدم  ادخاله  https://t.co/r65uquS7B4
tweet-818	#كندا  تسجل  أول  إصابة  بنوع  نادر  من  إنفلونزا  الخنازير  لدى  البشر  في  مقاطعة  ألبرتا  في  غرب  البلاد 
 
رابط  الخبر  |  https://t.co/Ke0XuLcd2Q   
 
#عينك_على_العالم  https://t.co/fVmhClD3SP
tweet-825	هذا  ما  يعمله  الهنود  الان  في  المساجد 
لا  تسكت  على  الظلم  واقل  شيء  يمكننا  فعله  ك  مسلم  انك  تنشر  هذا  التطرّف  والاجرام.. 
حسبنا  الله  ونعم  الوكيل🤲  https://t.co/0MjkP6MnPg
tweet-826	جَزيرة  فاراليونِي"  صَخرة  الغوريِلا  "  |  أيطاليا🇮🇹💙'  شكم  مره  رايحيله🙂  https://t.co/vQBd0V088m
tweet-828	سكاي  نيوز  العبرية  الحوما🦓راتية 
  استشهاد  جندي  اسرائيلي   
حمود  ريكي  (مبز)       
بعدما  طبع  مع  بني  صهي🇮🇱ون   
أدخلهم  الاسلام  واصبحوا  مجاهدين   
مجاهدين  ضد  من  ؟   
ضد  الكفره  الفلسطنيين   
المجاهد  الاسرائيلي  يستشهد  على  يد   
العدو  الفلسطيني  الكافر  https://t.co/dVEHoTsqYt
tweet-838	عفيه  يالنشمي   
نائب  في  البرلمان  البحريني  يحرق  علم  الاحتلال  داخل  القبة   
 
#التطبيع_خيانة   
#خليجيون_ضد_التطبيع  https://t.co/wECvhjXzyV
tweet-840	برج  خليفة  في  دبي  يتزين  براية  اسرائيل  وبلدية  تل  ابيب  تتزين  بالوان  علم  الامارات  بعد  الاعلان  رسميا  عن  تطبيع  رسمي  للعلاقات  بين  البلدين! 
التطبيع  الاماراتي  مع  اسرائيل  بما  هو  تطبيع  حر    نابع  من  ارادة  حرة  يبدو  انه  بداية  لسلسلة  تطبيع  عربي  شامل  في  المستقبل  https://t.co/UrbAPuaad2
tweet-842	🔴  الوفد  الطبي  الجزائري  الذي  تم  إرساله  إلى  #لبنان  ..  وضع  تحت  #الحجر_الصحي  بعد  اكتشاف  إصابة  أحدهم  بفيروس  #كورونا..
tweet-859	1-هل  اغلاق  ملف  كورونا  أصبح  ناجزا؟  فبعد  ضلوع  منظمة  الصحة  العالمية  رسميا    بمؤامرة  ضد  البشرية  مما  أجبرهم  على  الاعتراف  وتغيير  أقوالهم  وسيتم  توجيه  أمر  لكافة  البلدان  بالفتح.  ولا  حاجة  للتباعد  الإجتماعي  والتوجيه  بعودة  الحياة  إلى  طبيعتها.
