tweet-sno-1200	The  news  you’ve  all  been  waiting  for  (and  we  couldn’t  wait  to  reveal  😭)…  OREO  x  LADY  GAGA  packs  drop  today!  🎤🎶  pic.twitter.com/OPdkueC45h  —  OREO  Cookie  (@Oreo)  January  28,  2021
tweet-sno-1201	Sen.  Mitch  McConnell:  "As  recently  as  October,  now-President  Biden  said  you  can't  legislate  by  executive  action  unless  you  are  a  dictator.  Well,  in  one  week,  he  signed  more  than  30  unilateral  actions."  pic.twitter.com/PYQKe9Geez  —  Forbes  (@Forbes)  January  28,  2021
tweet-sno-1202	.  @JoeBiden  in  October:  “I  have  this  strange  notion,  we  are  a  democracy  …  if  you  can’t  get  the  votes  …  you  can’t  [legislate]  by  executive  order  unless  you’re  a  dictator.  We’re  a  democracy.  We  need  consensus."  pic.twitter.com/7UotJCXSm3  —  Tom  Elliott  (@tomselliott)  January  26,  2021
tweet-sno-1203	Disquieting  assault  on  our  most  visible  national  symbol.  That  too  on  #RepublicDay  .  Our  Tricolour  replaced  at  iconic  flagpole  at  #RedFort  .  Was  this  protest  always  about  undermining  our  State?  |  #RDaySpiritShamed  pic.twitter.com/Bfp1psRsAJ  —  Rahul  Shivshankar  (@RShivshankar)  January  26,  2021
tweet-sno-1204	Biden  signed  executive  order  today  that  contained  a  ban  on  the  term  'China  virus'.  —  Glen  Keys  (@glen_keys)  January  27,  2021
tweet-sno-1205	INBOX:  Former  President  Trump  has  set  up  an  “Office  of  the  Former  President”  pic.twitter.com/DSqwDCklcp  —  Anders  Hagstrom  (@Hagstrom_Anders)  January  25,  2021
tweet-sno-1206	Former  President  Donald  Trump  has  officially  opened  the  'Office  of  the  Former  President,'  which  will  manage  his  correspondence,  public  statements,  and  activities  to  "carry  on  the  agenda  of  the  Trump  Admin.  through  advocacy…"  pic.twitter.com/jCyPccOntw  —  Aaron  Parseghian  (@AaronParseghian)  January  25,  2021
tweet-sno-1207	Concealing  Cocaine  in  international  shipments  can  be  bananas:  RCMP  https://t.co/Dow4MmJ0TO  #Kelowna  pic.twitter.com/FKCQmiLM2E  —  Kelowna  RCMP  (@KelownaRCMP)  January  19,  2021
tweet-sno-1208	MILITARY  SOURCE  IN  DC:  “For  the  last  week  my  battalion  has  been  sleeping  on  the  floor  in  the  Senate  cafeteria.  Today  the  Senate  kicked  us  out  &  moved  us  to  a  cold  parking  garage.  5000  soldiers.  1  power  outlet.  One  bathroom.  This  is  how  Joe  Biden’s  America  treats  solders.”  PHOTOS  pic.twitter.com/622sQmciq4  —  Benny  (@bennyjohnson)  January  22,  2021
tweet-sno-1209	WATCH:  Chuck  Schumer  accuses  Donald  Trump  of  inciting  an  "erection"  pic.twitter.com/IQqKmAYG8e  —  Jon  Levine  (@LevineJonathan)  January  22,  2021
tweet-sno-1210	Oh,  dear.  Schumer  just  said,  "Incited  the  erection."  And  the  look  on  his  face  indicates  he  knows  he  said  it.  pic.twitter.com/ffk4I8Nalf  —  Gavon  Laessig  (@gavonl)  January  22,  2021
tweet-sno-1211	So,  on  the  Senate  floor,  Chuck  Schumer  just  said  that  senators  must  decide  if  "Donald  John  Trump  incited  the  erection,  uh,  insurrection…"  Well,  it  WAS  an  uprising!  —  Robert  A  George  (@RobGeorge)  January  22,  2021
tweet-sno-1212	Seems  like  Sen.  Schumer's  getting  a  rise  out  of  a  lot  of  people  with  that  "erection"  gaffe.  —  Charlotte  Clymer  🏳️‍🌈  (@cmclymer)  January  22,  2021
tweet-sno-1213	I  am  ready  to  declare  “incited  the  erection”  the  funniest  political  gaffe  in  American  history.  We  should  build  a  statue  to  Chuck  Schumer  to  commemorate  his  achievement.  The  statue  will  only  be  from  the  waist  up,  though,  to  be  safe.  —  Matt  Walsh  (@MattWalshBlog)  January  22,  2021
tweet-sno-1214	The  Bernie  meme,  Schumer  saying  “erection”  instead  of  “insurrection”.  Good  to  see  we  can  have  a  laugh  again  here  in  Washington.  pic.twitter.com/rMvokCmS4X  —  Philip  Crowther  (@PhilipinDC)  January  22,  2021
tweet-sno-1215	On  MLK  day,  Instagram  has  labeled  this  post  about  MLK  from  MLK’s  daughter  as  “misleading”…  This  is  🤬  outrageous!  pic.twitter.com/ghsSGpXeGy  —  Devin  Guillory  (@databoydg)  January  19,  2021
tweet-sno-1216	The  MyPillow  website  has  an  active  promo  code  “QAnon”  which  gets  you  a  $45  discount.  (h/t  @weijia  for  this  discovery)  MyPillow  CEO  Mike  Lindell  visited  the  White  House  yesterday  to  meet  w/  Pres  Trump  (45),  armed  with  notes  referencing  martial  law  and  election  conspiracy  theories  https://t.co/Nz7jloe1ra  pic.twitter.com/LAMPUOH6ic  —  Sara  Cook  (@saraecook)  January  16,  2021
tweet-sno-1217	Tesla  is  hiring  a  full-time  position  to  handle  people  talking  shit  about  @elonmusk  online  pic.twitter.com/AeCeskwwuj  —  Jay  Boller  (@jaymboller)  January  19,  2021
tweet-sno-1218	SAFETY  WARNING  It  might  be  popular  but  do  not  leave  #GwynethPaltrow  scented  candle  unattended  (or  any  candles  for  that  matter)  &  always  on  a  flame  retardant  surface.  Failure  to  do  so  could  lead  to  firefighters  coming  quickly  to  your  home  &  squirting  water  https://t.co/QNHtgsncPW  pic.twitter.com/zwsV6xicx4  —  London  Fire  Brigade  (@LondonFire)  January  13,  2020
tweet-sno-1219	Marjorie  Taylor  Greene's  Twitter  account  has  been  suspended  for  12  hours.  Her  statement  says  the  "Silicon  Valley  Cartel  launched  a  multi-front  attack  to  chill  free  speech  in  America  by  deplatforming  President  Donald  Trump  and  purging  an  unknown  number  of  conservatives"  pic.twitter.com/utvagdpLr2  —  Chris  Cioffi  (@ReporterCioffi)  January  17,  2021
tweet-sno-1220	Quick  interview  with  the  new  Burger  King  logo  designer:  "We  explored  a  lot  of  different  design  territories,  but  kept  coming  back  to  the  brand's  original  iconic  logo  when  Burger  King  looked  at  its  best"  –  https://t.co/gV8cGHMbXH  (via  @dezeen  )  pic.twitter.com/PD40lcJoVE  —  Master  Prophet  (@tomravenscroft)  January  13,  2021
tweet-sno-1221	I  cringe  knowing  they  throw  vaccine  out  in  NY  while  the  rest  of  us  are  waiting.  https://t.co/7ikCYku2h0  —  Magic  Beans🐿️  (@DeanJC420)  January  13,  2021
tweet-sno-1222	Dear  Clintons,  You  know  what's  deplorable?  Being  Impeached!!!  #BasketOfDeplorables  —  Donald  Trump  Jr.  (@DonaldJTrumpJr)  September  10,  2016
tweet-sno-1223	jan  11  –  tw  cannibalism  //  armie  hammer  blood  drinking  cannibal  sex  kink  dms  pic.twitter.com/AoNZgvoHIm  —  🌿au.  (@gobIinesque)  January  11,  2021
tweet-sno-1224	So  the  guy  waving  Indian  Flag  at  Capitol  hill  is  a  VHS  member  'Krishna  Gudipati'  (Res  Jacket).  Video  was  posted  by  Vencent  Xavior  who  later  deleted  it.  Thread.  👇  pic.twitter.com/4jarwlOUFH  —  Mohammed  Zubair  (@zoo_bear)  January  9,  2021
tweet-sno-1225	Syringe-shaped  cakes  are  displayed  for  sale  at  Dortmund's  Schuerener  Backparadies  bakery  as  Germany  continues  the  rollout  of  the  coronavirus  vaccine.  More  photos  of  the  day:  https://t.co/L9XW3Y16uS  📷  Leon  Kuegeler  pic.twitter.com/H5j5GmiujC  —  Reuters  Pictures  (@reuterspictures)  January  11,  2021
tweet-sno-1226	“The  U.S.  Fish  &  Wildlife  Service  is  investigating  the  harassment  of  a  manatee…reported  to  federal  authorities  over  the  weekend  discovered  w/  words  "Trump"  scraped  in  its  back  …discovered  in  Blue  Hole  on  the  Homosassa  River”  (via  @CitrusChronicle  )  –  Insurrectioning  wildlife?  pic.twitter.com/PvzI3pZ5Xn  —  𝐄𝐱𝐚𝐯𝐢𝐞𝐫  𝐏𝐨𝐩𝐞  (@exavierpope)  January  11,  2021
tweet-sno-1227	also  the  newest  congress  member  from  Illinois  brought  up  hitler  in  her  speech  and  was  like  “hitler  was  right  about  one  thing”  💀💀before  the  riots  even  started  —  kathy🧸  (@vincestvples)  January  7,  2021
tweet-sno-1228	-Mary  Miller  (IL)  spoke  today  shortly  before  the  riots  broke  out,  stating  “Hitler  was  right  on  one  thing.  He  said,  ‘Whoever  has  the  youth  has  the  future.’”  https://t.co/h0Eck08ed5  —  everything  was  beautiful  and  nothing  hurt  (@soitgoes25)  January  7,  2021
tweet-sno-1229	People  who  broke  into  the  Capitol  Wednesday  are  now  learning  they  are  on  No-Fly  lists  pending  the  full  investigation.  They  are  not  happy  about  this.  pic.twitter.com/5GfHo1eVU8  —  Ray  [REDACTED]  (@RayRedacted)  January  10,  2021
tweet-sno-1230	apparently  a  guy  accidentally  tasered  himself  in  the  balls  and  then  died  of  a  heart  attack  while  trying  to  steal  a  painting  yesterday  and  if  we  can’t  all  come  together  over  how  hilarious  that  is  we  may  be  beyond  hope  —  karl  hess  (@karlhess)  January  7,  2021
tweet-sno-1231	*  fraud  alert  *  This  text  message  is  circulating  in  NYC,  seeking  to  fool  people  into  taking  a  call  from  a  "contact  tracer"  asking  that  you  "pre-register"  for  a  vaccine.  NYC's  actual  contact  tracers  will  call  you  from  a  #  beginning  with  212-540-XXXX  or  212-242-XXXX.  [cont…]  pic.twitter.com/3MzBeMJI0p  —  Mark  D.  Levine  (@MarkLevineNYC)  January  6,  2021
tweet-sno-1232	Reading  about  how  few  of  the  rioters  were  arrested  yesterday  while  storming  the  Capitol  Building,  I'm  reminded  that  Georgia's  next  senator,  Rev.  Raphael  Warnock,  had  been  arrested  so  many  times  for  peacefully  protesting  at  the  Capitol  that  it  became  a  feature  of  his  stump  speech.  pic.twitter.com/llyJ8LvAlT  —  Jacob  Rubashkin  (@JacobRubashkin)  January  7,  2021
tweet-sno-1233	If  @realDonaldTrump  were  to  lose  (he  won’t)  his  supporters  will  go  to  work  tomorrow  just  as  we  do  everyday.  When  Biden  loses,  his  “supporters”  will  likely  loot  and  riot.  Tells  you  everything  you  need  to  know!  #Trump2020  —  Tomi  Lahren  (@TomiLahren)  November  3,  2020
tweet-sno-1234	Electoral  college  ballots  rescued  from  the  Senate  floor.  If  our  capable  floor  staff  hadn’t  grabbed  them,  they  would  have  been  burned  by  the  mob.  pic.twitter.com/2JCauUIlvg  —  Senator  Jeff  Merkley  (@SenJeffMerkley)  January  6,  2021
tweet-sno-1235	Here  are  the  women  –  Senate  aides  –  who  had  the  presence  of  mind  and  courage  to  transport  and  keep  safe  the  electoral  votes  before  fleeing  the  Senate.  There  will  always  be  villains.  There  will  always  be  heroes.  pic.twitter.com/lO0mNcHg7h  —  Robbin  ¯_(ツ)_/¯  (@RaeMargaret61)  January  7,  2021
tweet-sno-1236	Better  look  at  the  guy  with  the  'Camp  Auschwitz'  hoodie  from  yesterday.  Not  only  does  it  feature  the  SS  'totenkopf',  but  an  English  translation  of  'Arbeit  Macht  Frei'.  No  wiggle  room,  no  joking  here.  This  is  who  these  people  are.  (via  @MrTAchilles  )  pic.twitter.com/i6zjuIAQbx  —  Mike  Stuchbery  💀🍷  (@MikeStuchbery_)  January  7,  2021
tweet-sno-1237	This  woman  was  maced  inside  the  Capitol.  She  told  me,  "It's  a  revolution!"  pic.twitter.com/hMKYSzrkue  —  Hunter  Walker  (@hunterw)  January  6,  2021
tweet-sno-1238	Wait,  so  Elizabeth  from  Knoxville,  who  claims  she  was  maced  after  storming  the  Capitol,  was  dabbing  her  eyes  with  an  onion  towel?  pic.twitter.com/99UvDcS0Rj  —  Mike  P  Williams  (@Mike_P_Williams)  January  7,  2021
tweet-sno-1239	Over  the  next  10  days,  we  get  to  see  the  machines  that  are  crooked,  the  ballots  that  are  fraudulent.  And  if  we're  wrong,  we  will  be  made  fools  of.  But  if  we're  right,  and  lot  of  them  will  go  to  jail.  So  —  let's  have  trial  by  combat  —  Giuliani  pic.twitter.com/QAYvnplCj7  —  Aaron  Rupar  (@atrupar)  January  6,  2021
tweet-sno-1240	this  is  a  photo  of  the  National  Guard  stationed  in  response  to  a  Black  Lives  Matter  protest  at  the  Lincoln  Memorial  in  June  pic.twitter.com/BgkKO903OS  —  manny  (@mannyfidel)  January  6,  2021
tweet-sno-1241	Anarchists,  Agitators  or  Protestors  who  vandalize  or  damage  our  Federal  Courthouse  in  Portland,  or  any  Federal  Buildings  in  any  of  our  Cities  or  States,  will  be  prosecuted  under  our  recently  re-enacted  Statues  &  Monuments  Act.  MINIMUM  TEN  YEARS  IN  PRISON.  Don’t  do  it!  @DHSgov  —  Donald  J.  Trump  (@realDonaldTrump)  July  27,  2020
tweet-sno-1242	JUST  IN  –  @Mike_Pence  has  just  unfollowed  @realDonaldTrump  on  Twitter  —  Disclose.tv  🚨  (@disclosetv)  January  6,  2021
tweet-sno-1243	Scenes  from  DC  right  now.  They’ve  raised  the  confederate  flag  outside  the  Capitol.  pic.twitter.com/MAVv4a6DSA  —  Rebecca  Tan  (@rebtanhs)  January  6,  2021
tweet-sno-1244	That’s  the  confederate  flag  flying  outside  the  Senate  chamber  pic.twitter.com/1XB5TlAsuv  —  Igor  Bobic  (@igorbobic)  January  6,  2021
tweet-sno-1245	A  supporter  of  President  Donald  Trump  carries  a  Confederate  battle  flag  on  the  second  floor  of  the  U.S.  Capitol  near  the  entrance  to  the  Senate  after  breaching  security  defenses,  in  Washington,  January  6,  2021.  Photo  by  Mike  Theiler  pic.twitter.com/pbhwfAVsUX  —  corinne_perkins  (@corinne_perkins)  January  6,  2021
tweet-sno-1246	They  just  put  up  a  cross  in  front  of  the  capitol  building  pic.twitter.com/0LrGQ5zj9e  —  Anna  Timmer  (@VeritasSola)  January  6,  2021
tweet-sno-1247	Here  in  Italy  people  started  to  share  this  figure  claiming  that  this  is  the  diagram  of  the  5G  chip  that  has  been  inserted  in  the  covid  vaccine.  In  reality  it  is  the  electric  circuit  of  a  guitar  pedal  and  I  believe  that  putting  it  in  the  covid  vaccine  has  been  an  excellent  idea💡  pic.twitter.com/qXKnv7VVly  —  Mario  Fusco  🇪🇺  (@mariofusco)  December  28,  2020
tweet-sno-1248	A  view  of  fresh  snow  this  morning  from  Juniper  Hills  Ca  at  4500  ft.  Located  south  of  Pearblossom  in  the  San  Gabriel  foothills.  Photo  shared  by  Scott  Lezak.  #cawx  #SoCal  #LAweather  pic.twitter.com/xMiImPKfXq  —  NWS  Los  Angeles  (@NWSLosAngeles)  December  28,  2020
tweet-sno-1249	Around  1/2  inch  of  snow  at  the  3700  ft  level  in  Pearblossom  fell  early  this  morning.  Photo  taken  by  Michaela  Moffitt.  Thanks  Michaela  and  our  NWS  spotter  Scott  Lezak  for  forwarding  the  photo.  #cawx  #LAweather  #LAsnow  pic.twitter.com/gSnHCPi2Qk  —  NWS  Los  Angeles  (@NWSLosAngeles)  December  28,  2020
tweet-sno-1250	“Breaking  News:  In  Pennsylvania  there  were  205,000  more  votes  than  there  were  voters.  This  alone  flips  the  state  to  President  Trump.”  —  Donald  J.  Trump  (@realDonaldTrump)  December  28,  2020
tweet-sno-1251	When  are  we  going  to  be  allowed  to  do  signature  verification  in  Fulton  County,  Georgia?  The  process  is  going  VERY  slowly.  @BrianKempGA  Pennsylvania  just  found  205,000  votes  more  than  they  had  voters.  Therefore,  we  WIN  Pennsylvania!!!  —  Donald  J.  Trump  (@realDonaldTrump)  December  29,  2020
tweet-sno-1252	YOU  CANNOT  be  “cleared”  for  a  gathering  by  a  negative  COVID  test  1)  Might  be  too  early  in  course  to  detect  virus  2)  ~20%  of  tests  are  false  negatives  3)  You  could  become  infected  literally  0.1  seconds  after  your  swab  Sincerely,  An  increasingly  desperate  ER  doctor  https://t.co/f6q3V8UGj5  —  Wil  Gibb,  MD  (@Wil_Gibb)  December  27,  2020
tweet-sno-1253	My  family  &  I  went  to  @SanGiorgioMKE  last  night.  Great  food.  I  used  an  old  photo  since  we  didn't  take  one  last  night.  I'm  glad  this  tweet  has  generated  so  much  attention.  I  hope  people  support  Gino  and  his  team  at  @SanGiorgioMKE  .  Small  business  is  hurting,  &  they  need  our  support  —  Scott  Walker  (@ScottWalker)  December  27,  2020
tweet-sno-1254	Did  anyone  go  to  a  high  school  with  a  pool  under  the  basketball  court?  The  Bedford  Falls  High  School  gym  always  fascinated  me.  #ItsAWonderfulLife  —  Tiffany  L  Baldwin  (@tiffanybaldwin1)  December  25,  2020
tweet-sno-1255	It's  a  wonderful  life  (east  coast  feed)  about  to  show  the  pool  under  the  basketball  court  that  still  is  there  at  my  high  school.  #Beverly  —  Adam  Wohl  (@adamwohl)  December  25,  2012
tweet-sno-1256	Yes  it's  real.  Yes,  it's  powered  by  Intel.  And  yes,  it  has  a  chicken  warmer.  😅  #KFConsole  #IntelGaming  pic.twitter.com/WniXumUZZ2  —  Mark  Walton  (@markalexwalton)  December  22,  2020
tweet-sno-1257	Mayor  Buttigieg  says  he’s  a  gay  Christian.  As  a  Christian  I  believe  the  Bible  which  defines  homosexuality  as  sin,  something  to  be  repentant  of,  not  something  to  be  flaunted,  praised  or  politicized.  The  Bible  says  marriage  is  between  a  man  &  a  woman—not  two  men,  not  two  women.  2/3  —  Franklin  Graham  (@Franklin_Graham)  April  24,  2019
tweet-sno-1258	Kanye  West  $2M  PPP  loan.  Joel  Osteen  $4M.  Tom  Brady  $960K.  Most  Americans  $600.  #IAmVeryUpset  —  Marianne  Williamson  (@marwilliamson)  December  22,  2020
tweet-sno-1259	Vatican  'Darth  Vader'  nativity  scene  gets  earthly  thumbs  down  https://t.co/mKwiikqneU  —  Edmonton  Sun  (@Edmontonsun)  December  16,  2020
tweet-sno-1260	SIE  strives  to  ensure  a  high  level  of  customer  satisfaction,  and  we  will  begin  to  offer  a  full  refund  for  all  gamers  who  have  purchased  Cyberpunk  2077  via  PlayStation  Store  and  want  a  refund.  Please  visit  the  following  link  to  initiate  the  refund:  https://t.co/DEZlC0LmUG  .  —  Ask  PlayStation  (@AskPlayStation)  December  18,  2020
tweet-sno-1261	Cyberpunk  2077:  To  ensure  that  every  player  can  get  the  experience  they  expect  on  Xbox,  we  will  be  expanding  our  existing  refund  policy  to  offer  full  refunds  to  anyone  who  purchased  Cyberpunk  2077  digitally  from  the  Microsoft  Store,  until  further  notice.  https://t.co/04TcniwVzy  —  Xbox  Support  (@XboxSupport)  December  18,  2020
tweet-sno-1262	This  video  is  an  extract  from  yesterday’s  press  conference,  with  Hayabusa2  Project  Manager  Yuichi  Tsuda  confirming  samples  from  Ryugu  in  the  capsule!  pic.twitter.com/hrhbiD6EIf  —  HAYABUSA2@JAXA  (@haya2e_jaxa)  December  16,  2020
tweet-sno-1263	TEXAS  ELECTORAL  COLLEGE:  "The  Justices  went  into  a  closed  room…When  Texas  case  was  brought  up  he  said  he  heard  screaming  through  the  walls  as  Justice  Roberts  and  the  other  liberal  Justices  were  insisting…afraid  of  what  would  happen  if  they  did  right  thing…Moral  cowardice"  pic.twitter.com/JhnPN59wkP  —  Howard  Mortman  (@HowardMortman)  December  14,  2020
tweet-sno-1264	Yo  @chrisfairbanks  ,  this  seems  like  an  intersection  of  some  of  your  interests:  a  guy  in  my  neighborhood  built  a  mini-version  of  the  Rosebud  Motel  in  front  of  his  house!  pic.twitter.com/6kMwVhSVII  —  Jess  (@alesserknown)  December  15,  2020
tweet-sno-1265	Well  look  at  that,  Day-vahd  [said  in  our  best  Moira  Rose  voice]!  A  resident  in  Seattle's  Queen  Anne  neighborhood,  has  created  a  mini  Rosebud  Motel  using  the  retaining  wall  outside  his  home,  for  fans  of  the  award-winning  show  "Schitt's  Creek"  to  visit.  https://t.co/aTuqtduezu  pic.twitter.com/YfWWgFz1X7  —  WPDE  ABC15  (@wpdeabc15)  December  17,  2020
tweet-sno-1266	Perhaps  the  biggest  difference  between  2016  and  2020  is  @FoxNews  ,  despite  the  fact  that  I  went  from  63,000,000  Votes  to  75,000,000  Votes,  a  record  12,000,000  Vote  increase.  Obama  went  down  3,000,000  Votes,  and  won.  Rigged  Election!!!  —  Donald  J.  Trump  (@realDonaldTrump)  December  16,  2020
tweet-sno-1267	North  Face  denies  order  for  jackets  from  the  oil  and  gas  industry.  Their  jackets  have  oil  and  gas  products  in  them.  pic.twitter.com/jpGnr23Jmq  —  kyle  (@kylemott5)  December  11,  2020
tweet-sno-1268	Alex  Jones  at  the  pro-Trump  march  in  Washington,  DC:  "Joe  Biden  is  a  globalist,  and  Joe  Biden  will  be  removed,  one  way  or  another!"  pic.twitter.com/ujIc7XZcLb  —  Zachary  Petrizzo  (@ZTPetrizzo)  December  12,  2020
tweet-sno-1269	Is  the  island  in  the  Allstate  commercial  a  real  place?  I  want  to  live  there  —  Hall  of  Fame  Internet  Person  Stephen  (@SHGrove90)  November  29,  2020
tweet-sno-1270	The  small  island  with  2  lighthouses  &  the  guy  driving  a  classic  Land  Rover  in  the  Allstate  commercial  –  is  it  real?  Where  is  it?  Maine?  New  Brunswick?  —  Tom  Wallace  (@HiHRetrofonts)  November  23,  2020
tweet-sno-1271	BREAKING:  Christmas  Eve  is  now  a  federal  holiday  in  2020,  according  to  an  executive  order  signed  Friday  by  President  Trump.  —  Niels  Lesniewski  (@nielslesniewski)  December  11,  2020
tweet-sno-1272	Sister  Act  3  is  in  development!  🎤  @WhoopiGoldberg  returns  to  star  and  produce,  with  @TylerPerry  as  producer  as  well.  Sister  Act  3  will  premiere  on  @DisneyPlus  .  —  Disney  (@Disney)  December  11,  2020
tweet-sno-1273	Coming  exclusively  to  @DisneyPlus  is  Hocus  Pocus  2,  the  spooky  sequel  to  the  1993  Halloween  classic!  @AdamMShankman  is  set  to  direct.  —  Disney  (@Disney)  December  10,  2020
tweet-sno-1274	A  shopping  center  owner  is  suing  a  Chick-fil-A  restaurant,  claiming  that  the  restaurant’s  drive-thru  has  become  so  popular  that  cars  backflow  into  the  center’s  aisles.  Stay  updated  on  Toledo-area  news  by  downloading  #BladeNewsSlide  📲  https://t.co/3CepHdiIM5  pic.twitter.com/J1sZ980g9H  —  The  Blade  (@toledonews)  December  5,  2020
tweet-sno-1275	Costco  loses  an  estimated  $30  to  $40  million  a  year  by  sticking  to  their  $4.99  price  for  rotisserie  chicken.  They'd  rather  keep  members  happy  and  foot  traffic  high.  —  UberFacts  (@UberFacts)  June  5,  2020
tweet-sno-1276	No  Presidential  candidate  ever  came  even  close  to  losing  an  Election  who  won  Iowa,  Florida  and  Ohio.  I  won  all  three,  by  a  lot!  —  Donald  J.  Trump  (@realDonaldTrump)  December  11,  2020
tweet-sno-1277	NEW  YORKERS:  Today  I  learned  the  design  for  these  radiators  came  about  during  the  Spanish  flu  pandemic  of  1918.  Engineers  wanted  to  keep  an  apartment  warm  while  ventilating  the  space  from  airborne  illnesses  because  THEY  WERE  MEANT  TO  BE  KEPT  ON  WITH  THE  WINDOWS  FULLY  OPEN  (!!!!)  pic.twitter.com/OmomgkOmAv  —  Ana  Bretón  (@missbreton)  December  8,  2020
tweet-sno-1278	@McDonalds  very  disappointed  with  today's  bacon  egg  Mc  Muffin!!  No  proper  egg  and  it  was  still  frozen  cold!!  pic.twitter.com/m0ZTsYgYJr  —  Samara-Jaye  Little  (@Samara_Jaye)  April  9,  2015
tweet-sno-1279	Rep.  Louie  Gohmert’s  tooth  just  fell  out  at  his  press  conference.  pic.twitter.com/ieeEeBtcXp  —  The  Recount  (@therecount)  December  8,  2020
tweet-sno-1280	Joe  Biden  is  asked  about  his  disagreements  with  Kamala  Harris  on  certain  issues:  "Like  I  told  Barack,  if  I  reach  something  where  there's  a  fundamental  disagreement  we  have  based  on  a  moral  principle,  I'll  develop  some  disease  and  say  I  have  to  resign."  pic.twitter.com/SLcvrwaPCA  —  Daily  Caller  (@DailyCaller)  December  4,  2020
tweet-sno-1281	The  time  Indiana  Jones  caused  an  avalanche  with  his  saxophone.  pic.twitter.com/B9QHmi7WmY  —  Harry  Partridge  ⚡️  (@HappyHarryToons)  August  18,  2016
tweet-sno-1282	Just  for  you  completist  out  there.  I  remembered  today  that  Indiana  Jones  once  beat  some  villains  by  jamming  on  a  saxophone.  https://t.co/I4NaJksdxW  —  Eric  Havens  (@erichavens)  June  16,  2020
tweet-sno-1283	We  all  remember  that  time  Indiana  Jones  defeated  3  men  with  a  saxophone.  https://t.co/kBvTrm7ruy  —  Nick  Wright  (@burn8tor16)  February  2,  2019
tweet-sno-1284	HOLY  SHIT.  I  present  to  you  Harrison  Ford  as  a  bearded  Indiana  Jones,  learning  the  blues  from  @jfreewright  ,  then  looking  straight  into  camera  and  using  a  saxophone  TO  CAUSE  AN  AVALANCHE,  YOU  ARE  WELCOME  TWITTER  https://t.co/JhEd3FtXjA  —  Johnathon  🗳.  Rose-Lyon  (@JohnathonOscar)  January  29,  2019
tweet-sno-1285	1/  There  will  be  no  update  today.  At  8:30  am  this  morning,  state  police  came  into  my  house  and  took  all  my  hardware  and  tech.  They  were  serving  a  warrant  on  my  computer  after  DOH  filed  a  complaint.  They  pointed  a  gun  in  my  face.  They  pointed  guns  at  my  kids..  pic.twitter.com/DE2QfOmtPU  —  Rebekah  Jones  (@GeoRebekah)  December  7,  2020
tweet-sno-1286	Lmao  @NASA  apparently  asked  Sally  Ride,  the  first  woman  in  space,  if  ONE  HUNDRED  tampons  would  be  enough  for  a  week  in  space  and  if  she  needed  more  😭😭  they  actually  didn’t  know  how  many  tampons  women  used.  —  Raven  the  Science  Maven  (@ravenscimaven)  November  30,  2020
tweet-sno-1287	i  was  at  @ChickfilA  and  the  worker  gave  me  my  food  but  i  said  “my  pleasure”  before  him.  i  asked  him  “don’t  i  get  a  free  ice  cream  or  something  if  i  say  it  before  you  do”  he  said  that’s  fake  :(  —  AM  SENTIO  (@amsentio)  February  8,  2020
tweet-sno-1288	If  u  go  to  chick  fil  a  and  say  “my  pleasure”  before  the  employee  that  takes  your  order  says  it,  u  get  a  free  ice  cream  cookie  sandwich  #thisbetterbetrue  @ChickfilA  —  Malachi™  (@MalBro_Made_It)  October  30,  2019
tweet-sno-1289	Saying  my  pleasure  before  they  do  at  Chick-fil-A  does  not  get  you  a  free  ice  cream  trust  me  I  got  the  weirdest  look  😭😂  —  👾🌞🥀  (@toebob3)  May  3,  2020
tweet-sno-1290	Just  so  everyone  knows…saying  “my  pleasure”  before  a  Chick-fil-A  employee  does  not  get  you  a  free  cookie  ice  cream  sandwich  or  a  discount  or  anything  else  tik  tok  has  oh  so  willingly  lied  to  you  about!  —  kristapage  (@kristap15936496)  May  9,  2020
tweet-sno-1291	President-elect  Joe  Biden  says  he'd  "be  happy"  to  join  former  Presidents  Obama,  Bush  and  Clinton  in  getting  a  Covid  vaccine  in  public  to  prove  it's  safe.  "When  Dr.  Fauci  says  we  have  a  vaccine  that  is  safe,  that's  the  moment  in  which  I  will  stand  before  the  public  and  say  that"  pic.twitter.com/JATvDIMP0n  —  CNN  (@CNN)  December  4,  2020
tweet-sno-1292	It  is  also  beyond  the  pale  that  Rep  Matt  Putz  –  I  mean  @RepMattGaetz  –  would  participate  in  this.  What  a  fool.  Matt  –  You  are  not  welcome  in  New  Jersey,  and  frankly  I  don’t  ever  want  you  back  in  this  state.  pic.twitter.com/j67x9Z2lAf  —  Governor  Phil  Murphy  (@GovMurphy)  December  4,  2020
tweet-sno-1293	LIGHTS  ON  and  delivering  food  and  water  to  our  passengers!  Thank  you  @dancathy  with  @ChickfilA  for  opening  on  a  SUNDAY!  #ChristmasMiracle  pic.twitter.com/0PlSxHIWj5  —  Atlanta  Airport  (@ATLairport)  December  18,  2017
tweet-sno-1294	Is  drake  really  making  a  candle  that  smells  like  him?  I  hope  jay  is  ready  to  drop  $80  on  it.  😇  —  Tēl💙💫  (@ShantelSharee)  December  2,  2020
tweet-sno-1295	Has  anyone  happened  to  hear  if  Flash  Player  is  going  to  be  supported  after  December  2020  in  @googlechrome  ?  —  Gus  Morroco  (@911StreetMedic)  October  16,  2020
tweet-sno-1296	So  what  exactly  happens  in  December  when  Flash  is  no  longer  supported?  —  b1joe  (@b1joe)  June  27,  2020
tweet-sno-1297	Wait  what????  Flash  player  will  no  longer  be  supported  in  @Google  chrome  after  December  2020?  Does  that  mean  I  can’t  watch  YouTube  and  flash  player  oriented  websites  online  after  December  2020?  @MKBHD  @UnboxTherapy  @LewLater  @sundarpichai  @Adobe  @AdobeFlash  pic.twitter.com/u9FZS04qjZ  —  Siril  Mathew  (@isirilpd)  August  11,  2019
tweet-sno-1298	Important  message  for  children  of  #Ireland  –  #Santa  is  coming  &  will  be  exempt  from  #Covid  restrictions  on  International  Travel.  However  children  should  be  aware  that  social  distancing  guidelines  should  apply  to  Santa.  pic.twitter.com/AT7LTMKFFt  —  Simon  Coveney  (@simoncoveney)  November  26,  2020
tweet-sno-1299	🚨  🚨  BREAKING  NEWS  🚨  🚨  There  is  currently  a  monolith  at  the  top  of  Pine  Mountain  in  Atascadero!!  (Photos  by  @Atownreporter  )  pic.twitter.com/0vPhEWYkeY  —  Connor  Allen  (@ConnorCAllen)  December  2,  2020
tweet-sno-1300	There’s  a  viral  thread  saying  LOUIS  XIV  WAS  A  PERVERT  WHOSE  FETISH  WAS  WATCHING  CHILDBIRTH.  This  is  why,  it  claims,  women  are  made  to  lie  on  their  backs  in  childbirth.  IT’S  BULLSHIT!  It  was  the  eminent  obstetrician  of  the  1660s  Francois  Mauriceau  who  made  this  more  popular  👇  https://t.co/GKSxk7Bjnq  —  Greg  Jenner  (@greg_jenner)  October  17,  2019
tweet-sno-1301	We  know  you’re  finding  it  difficult  to  accept  the  election  result  so  we  projected  it  onto  your  golf  course  with  some  familiar  music  pic.twitter.com/sn6h0zA5MT  —  Led  By  Donkeys  (@ByDonkeys)  November  25,  2020
tweet-sno-1302	The  article  “A  closer  look  at  U.S.  deaths  due  to  COVID-19,”  published  in  the  Science  &  Technology  section  on  Nov.  22,  has  been  deleted.  —  JHU  News-Letter  (@JHUNewsLetter)  November  26,  2020
tweet-sno-1303	@LeoDiCaprio  Hahaha,you  were  on  "Teen  Win  Lose  or  Draw."  Cool.  —  Ronnie  Oakes  (@ronnierono)  January  13,  2019
tweet-sno-1304	Alittle  #flashbackfriday  with  @moonfrye  when  she  was  on  the  1990  show  teen  win  lose  or  draw  any  of  you  remember  that  show  believe  it  or  not  she  played  against  Leonardo  Dicaprio  who  knew…  https://t.co/qVSLpgEsjA  —  James  Thomas  McCaffery  (@James_McCaffery)  September  15,  2018
tweet-sno-1305	Teen  Win,  Lose  or  Draw  –  Soleil  Moon  Frye  vs  Leonardo  DiCaprio  (1990)  https://t.co/CJW6CZYh0Q  a  través  de  @YouTube  —  virgilio  ramirez  (@viramirez15b2)  September  10,  2020
tweet-sno-1306	Why  won’t  Governor  @BrianKempGA  ,  the  hapless  Governor  of  Georgia,  use  his  emergency  powers,  which  can  be  easily  done,  to  overrule  his  obstinate  Secretary  of  State,  and  do  a  match  of  signatures  on  envelopes.  It  will  be  a  “goldmine”  of  fraud,  and  we  will  easily  WIN  the  state….  —  Donald  J.  Trump  (@realDonaldTrump)  November  30,  2020
tweet-sno-1307	In  Detroit,  there  are  FAR  MORE  VOTES  THAN  PEOPLE.  Nothing  can  be  done  to  cure  that  giant  scam.  I  win  Michigan!  —  Donald  J.  Trump  (@realDonaldTrump)  November  18,  2020
tweet-sno-1308	FLASHBACK:  In  2018,  President  Trump  attacked  Carrots  the  turkey  for  refusing  to  concede  he  had  lost  the  vote  on  the  White  House  turkey  pardon  contest.  "This  was  a  fair  election…  unfortunately,  Carrots  refused  to  concede  and  demanded  a  recount."  pic.twitter.com/MzcackiDwd  —  andrew  kaczynski🤔  (@KFILE)  November  23,  2020
tweet-sno-1309	At  1:30pm  AKST  this  afternoon,  the  sun  will  set  and  Utqiaġvik  will  enter  a  66  day  period  of  polar  night.  The  sun  will  rise  again  on  January  23rd,  2021.  #akwx  pic.twitter.com/iN4KXGxBh9  —  NWS  Fairbanks  (@NWSFairbanks)  November  18,  2020
tweet-sno-1310	Tyndall  is  DOD’s  First  Base  to  Adopt  Robot  Dogs  –  Air  Force  Magazine.  Go  @TeamTyndall  !  https://t.co/wmFqROZPNX  —  Ghost  Robotics  (@Ghost_Robotics)  November  13,  2020
tweet-sno-1311	“Evidence  of  voter  fraud  continues  to  grow,  including  20,000  dead  people  on  the  Pennsylvania  voters  roll  and  many  thousands  all  over  the  Country.  Now,  there  has  been  an  artificial  number  of  votes  in  favor  of  Joe  Biden.”  @OANN  —  Donald  J.  Trump  (@realDonaldTrump)  November  19,  2020
tweet-sno-1312	Little  #sawwhet  owl  recovering  at  #ravensbeardwildlifecenter  after  being  found  stuck  inside  the  #RockefellerCenterChristmastree  Story  on  @News12WC  at  pm.  pic.twitter.com/u0w2edWb28  —  Michelle  Brown  (@MichelleBNews12)  November  18,  2020
tweet-sno-1313	Look  at  this  in  Wisconsin!  A  day  AFTER  the  election,  Biden  receives  a  dump  of  143,379  votes  at  3:42AM,  when  they  learned  he  was  losing  badly.  This  is  unbelievable!  pic.twitter.com/nhiLMmyHBn  —  Donald  J.  Trump  (@realDonaldTrump)  November  19,  2020
tweet-sno-1314	The  raw  data  in  the  server  seized  by  the  US  military  shows  Trump  won  by  a  landslide  👇🏻👇🏻👇🏻  410!!!!  https://t.co/Y7qP2PeIpf  @realDonaldTrump  @RudyGiuliani  @DelRichAnderson  @VA_GOP  ,  VOID  all  results  in  landslide  states  and  declare  the  R-candidates  winners!!  pic.twitter.com/5UpvHZDiEE  —  Manga  Anantatmula  for  Congress  (R/VA-11)  (@Manga4Congress)  November  14,  2020
tweet-sno-1315	Supposedly  the  Germany  server  data  shows  Trump  landslide:  410-128  👍  pic.twitter.com/asNmHYdp2X  —  derf_anon  (@derf_anon)  November  17,  2020
tweet-sno-1316	!  @NYGovCuomo  says  it’s  “bad  news”  Pfizer’s  Covid  vaccine  came  during  the  Trump  Admin;  says  he’s  going  to  work  w/  other  governors  to  “stop”  distribution  “before  it  does  damage"  pic.twitter.com/ULembNWokW  —  Tom  Elliott  (@tomselliott)  November  9,  2020
tweet-sno-1317	Another  example  of  why  it  is  prudent  to  let  the  process  run  its  course:  Thousands  of  Uncounted  Votes  Found  a  Week  After  Election  in  Puerto  Rico  https://t.co/YYxMhNSAdi  —  Senator  John  Cornyn  (@JohnCornyn)  November  12,  2020
tweet-sno-1318	Georgia  SoS  office  says  Floyd  County  would  have  discovered  the  2,600  extra  votes  without  the  audit  because  the  number  of  voters  who  had  checked  in  was  greater  than  the  tally,  and  they  were  already  looking  into  it.  —  Amy  Gardner  (@AmyEGardner)  November  16,  2020
tweet-sno-1319	BREAKING:  A  recount  in  Georgia’s  presidential  race  found  more  than  2,600  ballots  in  Floyd  County  that  hadn’t  originally  been  tallied,  likely  helping  President  Donald  Trump  reduce  his  14,000-vote  deficit  to  Joe  Biden.  https://t.co/G2iqRUIqw6  —  AJC  (@ajc)  November  16,  2020
tweet-sno-1320	Look  at  the  size  of  this  crowd  down  Pennsylvania  Ave.  More  than  a  MILLION  people  showed  up  to  support  this  President.  Meanwhile  Biden  can’t  fill  36  circles.  #MillionMAGAMarch  pic.twitter.com/hc95PIm5ci  —  Ryan  Fournier  (@RyanAFournier)  November  14,  2020
tweet-sno-1321	File  under:  Wait,  WHAT?  From:  NewsMax  (via  The  Righting)  "President  Trump  should  retire  immediately  and  let  Mike  Pence  concede  the  election,  occupy  the  White  House,  and  handle  the  transition…This  would  give  Pence  a  head  start  on  securing  the  Republican  nomination  in  2024.  —  JOEVoteRaPUNzel🇺🇸  (@RandilynIsIn)  November  11,  2020
tweet-sno-1322	Right  wing  Newsmax,  which  is  owned  by  Trump’s  friend  Chris  Ruddy,  suggesting  he  retire:  “To  avoid  all  this  unpleasantness  President  Trump  should  retire  immediately  and  let  Mike  Pence  concede  the  election,  occupy  the  White  House  and  handle  the  transition”  https://t.co/tDD3FX66oI  —  Tom  Joseph  (@TomJChicago)  November  12,  2020
tweet-sno-1323	@newsmax  you  were  my  favorite  media  outlet  until  this!  "To  avoid  all  this  unpleasantness,  President  Trump  should  retire  immediately  and  let  Mike  Pence  concede  the  election,  occupy  the  White  House,  and  handle  the  transition."  —  President-Elect  Constitutional  Warriors  (@motormouth3)  November  11,  2020
tweet-sno-1324	She's  deleted  it,  but  @GOPChairwoman  posted  a  tweet  suggesting  that  Joe  Biden  will  be  president  next  year.  Via  @bpolitics  https://t.co/fpRWKXK5ou  —  Alex  Wayne  (@aawayne)  November  11,  2020
tweet-sno-1325	Raising  canes  filed  for  bankruptcy  pic.twitter.com/z4RfwqD6bx  —  PABLO🇺🇸2020  (6-2)  (@L00kPABlO2)  November  15,  2020
tweet-sno-1326	To  top  off  2020,  Raising  Canes  filed  bankruptcy…  That  was  the  last  straw  Jesus  come  get  me  —  HC  (@HCyalater)  November  9,  2020
tweet-sno-1327	i  saw  #RIPDrake  trending  and  had  a  fucking  heart  attack  pic.twitter.com/qw1Kd97WqB  —  jem  (@dumbblackie)  November  15,  2020
tweet-sno-1328	Generation  after  generation,  it's  a  pleasure  to  game  alongside  you.  Happy  launch  day  @PlayStation  https://t.co/715L30KiwL  —  Xbox  (@Xbox)  November  12,  2020
tweet-sno-1329	Congrats,  @Xbox  @Microsoft  !  #NextGeneration  #GreatnessAwaits  —  PlayStation  (@PlayStation)  November  22,  2013
tweet-sno-1330	What  happened  to  the  ICE  Twitter  page?  H/T:  @KToropin  pic.twitter.com/GXR61iP1Ij  —  Dave  Brown  (@dave_brown24)  November  12,  2020
tweet-sno-1331	What  happened  to  U.S.  Immigration  and  Customs  Enforcement  (ICE)  Twitter  profile?  pic.twitter.com/x02qBR4C8H  —  ThatUmbrellaGuy  (Vote  UMBRELLA  2024)  (@ThatUmbrella)  November  12,  2020
tweet-sno-1332	To  commemorate  #VeteransDay  and  honor  those  who  have  served  in  the  military,  @SecBernhardt  announced  that  Gold  Star  Families  and  Veterans  of  the  U.S.  Armed  Forces  will  have  free  entrance  to  national  parks  forever.  Learn  more  at  https://t.co/AzFJbBEOwv  #DOIDelivers  pic.twitter.com/I43ZWVuW1k  —  National  Park  Service  (@NatlParkService)  November  10,  2020
tweet-sno-1333	HUGE  NEWS:  Thanks  to  the  public-private  partnership  forged  by  President  @realDonaldTrump  ,  @pfizer  announced  its  Coronavirus  Vaccine  trial  is  EFFECTIVE,  preventing  infection  in  90%  of  its  volunteers.  —  Mike  Pence  (@Mike_Pence)  November  9,  2020
tweet-sno-1334	The  news  about  the  @pfizer  vaccine  being  90%  effective  is  great  news  for  the  American  people!  Many  thanks  to  @realDonaldTrump  and  Operation  Warp  Speed.  This  will  be  one  of  the  most  important  action  items  done  by  the  administration  in  response  to  this  pandemic.  ❤️🇺🇸  #USStrong  —  Nikki  Haley  (@NikkiHaley)  November  9,  2020
tweet-sno-1335	We  just  did.  Joe  Biden  clapped  back  against  the  MAGA  hat  😯  (📷:  @DrBiden  )  pic.twitter.com/fZ2EhzUFRA  —  Complex  (@Complex)  November  9,  2020
tweet-sno-1336	Congratulations  to  President-elect  Joe  Biden!  His  German  Shepherd,  Major,  is  set  to  become  the  first  shelter  dog  in  the  White  House.  The  Bidens  adopted  the  German  shepherd  from  the  Delaware  Humane  Association  two  years  ago  after  initially  fostering  him.  pic.twitter.com/qv37hAjVWO  —  Humane  Rescue  (@HumaneRescue)  November  8,  2020
tweet-sno-1337	President  Trump  is  playing  golf  club  this  morning  as  Biden  appears  to  extend  his  lead  in  the  election.  The  weekend  getaway  comes  as  U.S.  coronavirus  cases  hit  all-time  highs  and  as  Trump's  own  chief  of  staff  Mark  Meadows  tests  positive  for  Covid-19.  https://t.co/IHUmF4cGtw  pic.twitter.com/qeoVcLFvWq  —  Amanda  Macias  (@amanda_m_macias)  November  7,  2020
tweet-sno-1338	#US  :  Trump  loyalist  and  criminal  Steve  Bannon  declares  Dr.  Fauci  and  FBI  Director  Wray  should  be  beheaded  and  have  their  heads  mounted  on  pikes  at  the  White  House  "as  a  warning  to  federal  bureaucrats".  (📹  @peltzmadeline  )  pic.twitter.com/G2gu4MvtNF  —  Anonymous  (@YourAnonCentral)  November  5,  2020
tweet-sno-1339	BREAKING:  Trump’s  @USFWS  finalized  a  rule  today  stripping  gray  wolves  of  their  federal  #EndangeredSpecies  protections  in  the  Lower  48  states.  This  dangerous  move  threatens  ecosystems,  ignores  Indigenous  guidance  &  contributes  to  the  biodiversity  crisis.  https://t.co/ggAC5VJXnS  —  NRDC  🌎🏡  (@NRDC)  October  29,  2020
tweet-sno-1340	Here's  video  pulled  from  the  Delaware  County,  PA  live  stream  of  a  ballot  worker  filling  out  ballots.  pic.twitter.com/AdgOzDb8JN  —  Anna  Paulina  Luna  (@realannapaulina)  November  6,  2020
tweet-sno-1341	Trump  supporters:  "Stop  the  vote!"  Also  Trump  supporters:  "Count  that  vote!"  #election2020  pic.twitter.com/ctyIop97gf  —  The  Recount  (@therecount)  November  5,  2020
tweet-sno-1342	We  don’t  want  to  have  a  recount  in  any  of  the  battleground  states.  Obama  will  steal  it.  Make  sure  all  your  friends  and  family  vote.  —  Donald  J.  Trump  (@realDonaldTrump)  November  4,  2012
tweet-sno-1343	ARE  MAIL  IN  BALLOTS  BEING  MODIFIED  AS  WE  SPEAK  IN  CORRUPT  DEM  DISTRICTS?  have  you  heard  about  Dems  distributing  sharpie  pens  to  Trump  voters  and  then  invalidating  their  ballots?  —  Michael  Savage  (@ASavageNation)  November  4,  2020
tweet-sno-1344	AZ  update:  apparently  the  use  of  sharpie  pens  in  gop  precincts  is  causing  ballots  to  be  invalidated.  Could  be  huge  numbers  of  mostly  Trump  supporters.  More  to  come  —  Matt  Schlapp  (@mschlapp)  November  4,  2020
tweet-sno-1345	Batches  of  ballots  are  being  uploaded.  100%  for  Joe  Biden.  Massive  #’s  of  ballots  being  invalidated  in  AZ  as  Trump  supporters  were  told  to  use  Sharpies.  This  isn’t  democracy.  We  are  being  ruled  over.  —  Daniel  Bostic  (@debostic)  November  4,  2020
tweet-sno-1346	Lucky  to  be  alive:  an  Avila  Beach  woman  says  she  is  okay  after  a  whale  capsized  her  kayak  (shown  here).  Hear  from  her  and  tips  for  staying  safe  out  on  the  water  tonight  at  10&11.  (Video:  Kellie  Balentine)  @KSBY  pic.twitter.com/WOy4itCzhW  —  Melissa  Newman  (@melnewmantv)  November  3,  2020
tweet-sno-1347	Here  is  another  angle  of  the  whale  breaching  with  the  kayak  seemingly  in  its  mouth.  The  woman  who  took  this  video  tells  me  she  was  filming  the  whale  in  the  distance  and  next  she  knew,  the  whale  emerged  trying  to  get  the  fish  around  the  kayak  (Video:  Mandy  Boyle)  @KSBY  pic.twitter.com/ARjDxwuOdT  —  Melissa  Newman  (@melnewmantv)  November  3,  2020
tweet-sno-1348	Biden:  "I  had  a  job  with  a  nice  country  club  kind  of  pool  as  a  lifeguard  ..  I  played  ball  with  a  lot  of  great  black  athletes  but  I  didn’t  know  them.  I  mean,  we  knew  each  other.  They  were  friends.  But  I  didn’t  know  them.  And  it  was  a  great  education.  It  was  like  the  Green  Mile."  pic.twitter.com/l5CeRN9Lue  —  Tom  Elliott  (@tomselliott)  November  3,  2020
tweet-sno-1349	I’m  so  ready  for  today!!!  Ladies  don’t  forget  your  pearls  today  In  honor  of  RBG!  💙💙💙💙💙💙💙💙💙  #BidenHarris2020  #vote  pic.twitter.com/ngjDunEu0m  —  Christine  ❤️🐓🐑🐶🐱🦆🏳️‍🌈  (@christine_p_33)  November  3,  2020
tweet-sno-1350	You  know  it’s  going  to  be  a  landslide  when  the  Amish  start  to  rally  and  create  their  own  Trump  Train  😎🇺🇸  pic.twitter.com/HFzyb0s5cP  —  45🇺🇸  (@45F0RLIFE)  November  3,  2020
tweet-sno-1351	You  don’t  👏🏾  have  to  👏🏾  be  registered  👏🏾  to  go  vote👏🏾  in  Minnesota  👏🏾  we  have  👏🏾  same  day  👏🏾  registration  👏🏾  so  you  👏🏾  can  register  👏🏾  at  the  polls  👏🏾  https://t.co/iJGlm7Rgih  👏🏾  —  Ilhan  Omar  (@IlhanMN)  November  3,  2020
tweet-sno-1352	Real  or  fake?  Hunter  Biden  Has  Flipped,  Biden  Family  $300  Million  Stash  In  Switzerland…  Rudy  Guiliani  Freestyles  One  Of  Greatest  Speeches  Ever,  A  Summary  Of  Joe  Biden's  30  Year  Crime  Spree,  Saying  Joe  Biden  Is  "The  Prince  Of  Darkness"!!  |  Alternative  https://t.co/nMUMsQxRs6  —  Juanita  Broaddrick  (@atensnut)  October  30,  2020
tweet-sno-1353	I  heard  Hunter  Biden  turned  himself  in  to  FBI  on  the  28th  and  flipped  on  pops.  Spilled  his  guts  for  no  charges  and  was  put  into  a  treatment  center.  Have  you  heard  anything  about  that?  —  Amber  Bouchard  (@AmberBouchard)  October  31,  2020
tweet-sno-1354	Hunter  Biden  has  flipped?  pic.twitter.com/SeJ6IG66VW  —  Chromosome-8  🧬  (@chromosome_8)  October  29,  2020
tweet-sno-1355	14/n  Reportedly  #HunterBiden  has  flipped  pic.twitter.com/wd6ZjGbVDu  —  HolyNuts  (Gab:  @holynuts)  (@netineti_itiiti)  October  30,  2020
tweet-sno-1356	Biden  turned  himself  in!  https://t.co/9uq6e1cpOC  —  PaulDemske  EsotericHealing  (@Luap5150)  October  30,  2020
tweet-sno-1357	Biden  campaign  cancels  Austin  rally;  Armed  Trump  supporters  reportedly  harass  campaign  bus,  ramming  volunteer  vehicles  &  blocking  traffic.  "At  least  the  Trump  hearse  is  appropriate  given  the  200K+  Americans  who  have  died  due  to  his  incompetence.”  #VoteBlueToEndTheNightmare  pic.twitter.com/n9w5DyHWTk  —  Nate  (@natesaver)  October  31,  2020
tweet-sno-1358	See  all  these  pickup  trucks  with  Trump  flags?  They  were  sitting  along  I-35,  waiting  to  ambush  the  Biden/Harris  campaign  bus  as  it  traveled  from  San  Antonio  to  Austin.  2/  —  Dr.  Eric  Cervini  (@ericcervini)  October  31,  2020
tweet-sno-1359	These  Trump  supporters,  many  of  whom  were  armed,  surrounded  the  bus  on  the  interstate  and  attempted  to  drive  it  off  the  road.  They  outnumbered  police  50-1,  and  they  ended  up  hitting  a  staffer’s  car.  3/  —  Dr.  Eric  Cervini  (@ericcervini)  October  31,  2020
tweet-sno-1360	As  the  Biden  bus  rolled  down  11th  street  toward  I-35,  Trump  supporters  scrambled  to  their  trucks  to  follow  it.  @cbsaustin  pic.twitter.com/idnbDqFU3L  —  Jordan  Bontke  (@JBontkeCBS)  October  30,  2020
tweet-sno-1361	These  people  should  be  arrested  for  plotting  to  kill  Biden  by  running  him  off  the  road.  This  is  a  violent  right  wing  mob  with  weapons  chasing  Biden.  —  Conner  Williams  (@connerwilliamsx)  November  1,  2020
tweet-sno-1362	The  legendary  actor,  007  Sean  Connery,  has  past  on  to  even  greener  fairways.  He  was  quite  a  guy,  and  a  tough  character.  I  was  having  a  very  hard  time  getting  approvals  for  a  big  development  in  Scotland  when  Sean  stepped  in  and  shouted,“Let  him  build  the  damn  thing”.  That  was….  —  Donald  J.  Trump  (@realDonaldTrump)  November  1,  2020  ….all  I  needed,  everything  went  swimmingly  from  there.  He  was  so  highly  regarded  &  respected  in  Scotland  and  beyond  that  years  of  future  turmoil  was  avoided.  Sean  was  a  great  actor  and  an  even  greater  man.  Sincere  condolences  to  his  family!  —  Donald  J.  Trump  (@realDonaldTrump)  November  1,  2020
tweet-sno-1363	@tacobell  please  tell  me  why  you  are  sold  out  of  the  Mexican  Pizza  at  All  locations?  —  Jeff  Petrucci  (@Jeffpetrucci)  October  30,  2020
tweet-sno-1364	@tacobell  why  are  you  taking  away  the  Mexican  pizza???  😭😭  #bringbackthemexicanpizza  —  Rach  (@4EverHis)  October  30,  2020
tweet-sno-1365	@tacobell  Is  the  Mexican  Pizza  gone?  Please  say  it  ain’t  so  😩  #savethemexicanpizza  —  Kerry  Kirby  (@KerryDKirby)  October  30,  2020
tweet-sno-1366	Is  taco  bell  still  selling  the  mexican  pizza?  —  丂从口口乃  (@SmoobyDoobyDoo)  October  30,  2020
tweet-sno-1367	The  @tacobell  Mexican  Pizza  is  already  gone?!?  pic.twitter.com/sP9eP7tAgr  —  📡  Tʜᴇ  Rᴇᴛʀᴏ  Nᴇᴛᴡᴏʀᴋ  📡  (@TRNsocial)  October  25,  2020
tweet-sno-1368	idk  how  much  more  i  can  take…  cheesecake  factory  closing  its  doors  and  tb  ousting  the  mexican  pizza.  pic.twitter.com/YdV3OY3J75  —  six  inches  is  enough  (@6inchesisenuff)  October  30,  2020
tweet-sno-1369	I  thought  2020  was  bad  but  now  they’re  closing  all  of  the  cheesecake  factory’s  and  that  really  put  the  icing  on  the  cake.  I’m  done.  I’m  sad.  —  B  R  I  (@Bkmoody99)  October  30,  2020
tweet-sno-1370	Just  read  that  the  “Cheesecake  Factory”  is  closing  permanently.  Every  business  that  has  had  to  close  down  can  contribute  it  to  Trump  and  the  GOP.  They  have  had  basically  no  support  or  stimulus  from  these  stingy  bastards  because  they  don’t  care.  —  Christopher  Roe  (@Christo24881262)  October  30,  2020
tweet-sno-1371	Cheesecake  factory  is  closing  for  good.  —  ✎Aи✞ℏℴ  ny  (@Chevvy_24)  October  30,  2020
tweet-sno-1372	wow  they  are  closing  the  cheesecake  factory  down  for  good.  —  B  R  Y  A  N  N  A  🖤  (@KyyBryy98)  October  30,  2020
tweet-sno-1373	can’t  believe  the  cheesecake  factory  closing  😢  —  bre  (@Unrulygyalbre)  October  31,  2020
tweet-sno-1374	The  Cheesecake  Factory  is  closing  all  of  their  restaurants  for  good.  @Mr_LQ  I  thought  you  should  know  this  lol  —  Cobay    (@simply_cobay)  October  26,  2020
tweet-sno-1375	Not  Cheesecake  Factory  closing  for  good  ☹️  —  Fabs  ✨  (@Favi_Cristina)  October  30,  2020
tweet-sno-1376	Per  your  tweet,  you  deleted  the  congratulatory  Amy  Coney  Barrett  tweet  because  it  was  "viewed  as  a  political  and  partisan"  and  the  @GirlScouts  is  "nonpolitical"  but  this  tweet  to  @HillaryClinton  hasn't  been  deleted.  🤔  #progressiveprivilege  pic.twitter.com/aJme7eGVKf  —  Independent  Women's  Forum  (@IWF)  October  29,  2020
tweet-sno-1377	The  whole  “she  wore  clothes  in  a  magazine,  let’s  pretend  they’re  hers”  gimmick  is  the  classic  Republican  strategy  of  “let’s  willfully  act  stupid,  and  if  the  public  doesn’t  take  our  performative  stupidity  seriously  then  we’ll  claim  bias.”  GOP,  get  yourselves  together.  It’s  sad.  —  Alexandria  Ocasio-Cortez  (@AOC)  October  29,  2020
tweet-sno-1378	Trump  is  calling  for  the  assassination  of  his  political  opponent.  pic.twitter.com/Hc85JHqHIL  —  The  Lincoln  Project  (@ProjectLincoln)  October  27,  2020
tweet-sno-1379	Joe  Biden  brags  about  having  “the  most  extensive  and  inclusive  voter  fraud  organization  in  the  history  of  American  politics”  https://t.co/wjRKvYi4l2  pic.twitter.com/hC8j4Ijpr7  —  RNC  Research  (@RNCResearch)  October  24,  2020
tweet-sno-1380	We  are  not  prepared  for  a  pandemic.  Trump  has  rolled  back  progress  President  Obama  and  I  made  to  strengthen  global  health  security.  We  need  leadership  that  builds  public  trust,  focuses  on  real  threats,  and  mobilizes  the  world  to  stop  outbreaks  before  they  reach  our  shores.  https://t.co/1qqpgayUEX  —  Joe  Biden  (@JoeBiden)  October  25,  2019
tweet-sno-1381	As  recently  as  last  month,  Webster’s  Dictionary  included  a  definition  of  “preference”  as  “orientation”  or  “sexual  preference.”  TODAY  they  changed  it  and  added  the  word  “offensive."  Insane  –  I  just  checked  through  Wayback  Machine  and  it’s  real.  (via  @ThorSvensonn  &  @chadfelixg  )  pic.twitter.com/oOq1SNtCP2  —  Steve  Krakauer  (@SteveKrak)  October  14,  2020
tweet-sno-1382	Well  where  was  the  dignity  and  respect  of  Black  Americans  or  in  your  words  @JoeBiden  "Niggers"  when  you  made  this  statement?  Democrats  this  is  YOUR  nominee  for  President  of  the  United  States  and  @RepMaxineWaters  endorsed  this  scoundrel!  Explain  this  please!  https://t.co/JY8XPqilOW  pic.twitter.com/SX7hsB0e1F  —  Joe  E.  Collins  III  For  Congress  CA-43  (@joecollins43rd)  June  29,  2020
tweet-sno-1383	Uhhhhh  look  at  this  picture  of  Mitch  McConnell's  hands  that  @lizzyratner  found  on  AP  pic.twitter.com/Y4LJL7mAdh  —  Annie  Shields  (@anastasiakeeley)  October  21,  2020
tweet-sno-1384	A  nurse  who  has  gained  national  attention  for  her  service  was  arrested  for  shooting  someone.  The  latest  on  this  wild  story:  pic.twitter.com/7hzS6IzFZe  —  Anthony  Conn  (@AnthonyWCHS)  October  9,  2020
tweet-sno-1385	Joe  Biden  surrogate  Jane  Fonda  calls  coronavirus  "God's  gift  to  the  Left."  pic.twitter.com/981uTDTUXG  —  Daily  Caller  (@DailyCaller)  October  7,  2020
tweet-sno-1386	Joe  Biden  and  Kamala  Harris  BOTH  want  to  BAN  FRACKING.  pic.twitter.com/FpcvoVXcKH  —  Donald  J.  Trump  (@realDonaldTrump)  October  8,  2020
tweet-sno-1387	10/13/60:  "Unlike  the  first  two  programs,  however,  the  two  candidates  will  not  be  sharing  same  platform.  In  New  York…John  F.  Kennedy  separated  by  3,000  miles  in  a  Los  Angeles  studio…Richard  Nixon.  Now  joined  for  tonight's  discussion  by  network  of  electronic  facilities…"  pic.twitter.com/2cZch1EyNe  —  CSPAN  (@cspan)  October  8,  2020
tweet-sno-1388	The  Rules:  "You  will  keep  your  mask  on."  Meanwhile,  Karen  Pence:  pic.twitter.com/DAHk5Fqqrs  —  The  Recount  (@therecount)  October  8,  2020
tweet-sno-1389	A  Trump  sign  was  erected  on  the  hillside  along  the  405  Freeway  near  the  Sepulveda  Pass.  It’s  unclear  who  put  it  there  📹:  Sky5  pic.twitter.com/ac71WxbYW2  —  KTLA  (@KTLA)  October  6,  2020
tweet-sno-1390	This  is  the  Democrat  nominee  for  VP  instigating  violent  riots  that  have  left  multiple  Americans  dead:  "Everyone  beware.  They're  not  gonna  stop  before  election  day  in  November,  and  they're  not  gonna  stop  after  election  day…  They’re  not  gonna  let  up  and  they  should  not."  pic.twitter.com/nhDAMc2c7c  —  Benny  (@bennyjohnson)  August  30,  2020
tweet-sno-1391	Joe  Biden  called  Trump  supporters  the  "dregs  of  society."  The  idea  that  Biden  is  a  unifier  is  a  joke.  pic.twitter.com/k4gSzNaiOR  —  Trump  War  Room  –  Text  TRUMP  to  88022  (@TrumpWarRoom)  October  6,  2020
tweet-sno-1392	Biden:  ‘I  Was  Able  to  Stay  Sequestered’  Thanks  to  ‘Some  Black  Woman’  Who  Stocked  Grocery  Shelves  pic.twitter.com/raalFcUNKF  —  TheLeoTerrell  (@TheLeoTerrell)  October  6,  2020
tweet-sno-1393	Was  Andy  McCabe  ever  forced  to  pay  back  the  $700,000  illegally  given  to  him  and  his  wife,  for  his  wife’s  political  campaign,  by  Crooked  Hillary  Clinton  while  Hillary  was  under  FBI  investigation,  and  McCabe  was  the  head  of  the  FBI???  Just  askin’?  —  Donald  J.  Trump  (@realDonaldTrump)  September  12,  2020
tweet-sno-1394	I  wonder  if  the  BTS  and  TikTok  kids  can  help  LGBTs  with  this.  What  if  gay  guys  took  pictures  of  themselves  making  out  with  each  other  or  doing  very  gay  things,  then  tagged  themselves  with  #ProudBoys  .  I  bet  it  would  mess  them  up  real  bad.  #ReclaimingMyShine  —  George  Takei  (@GeorgeTakei)  October  1,  2020
tweet-sno-1395	.  @JerickFL  and  I  are  joining  thousands  of  gay  men  on  social  media  to  reclaim  #ProudBoys  from  white  supremacists  and  bigoted  neo-nazis.  Let’s  replace  the  hashtag  with  images  of  love,  positivity,  and  true  PRIDE!  Your  two  favorite  #ProudBoys  are  here  standing  by,  ready  to  VOTE!  🏳️‍🌈🗳  pic.twitter.com/8k8iUlfFFx  —  Rep.  Carlos  G  Smith  (@CarlosGSmith)  October  4,  2020
tweet-sno-1396	Wow!  Check  out  this  huge  group  of  bikers  gathered  to  pray  for  President  @realDonaldTrump  and  the  First  Lady.  The  country  is  behind  you,  Mr.  President!  🇺🇸  pic.twitter.com/GRIY1Pywfg  —  Jake  Schneider  (@jacobkschneider)  October  3,  2020
tweet-sno-1397	That  “donate  to  help  him  recover”  email  that’s  been  going  around  looks  fake  to  me.  —  Trump  Fundraising  Emails  (@TrumpEmail)  October  2,  2020
tweet-sno-1398	This  reporter  just  exposed  Kayleigh  McEnany  for  lying  about  Amy  Coney  Barrett  being  a  Rhodes  Scholar.  Barrett  attended  Rhodes  College.  pic.twitter.com/u9Qk5uZEhp  —  NowThis  (@nowthisnews)  October  1,  2020
tweet-sno-1399	New  in  @WGAL  interview  Q:  Do  you  condemn  Antifa?  BIDEN:  Yes,  I  do  —  violence,  no  matter  who  it  is.  pic.twitter.com/dkhlwQn62K  —  Johnny  Verhovek  (@JTHVerhovek)  September  7,  2020
tweet-sno-1400	Only  three  things  happened  tonight:  1.  #DonaldTrump  refused  to  condemn  white  supremacy.  2.  The  #POTUS  refused  to  condemn  white  supremacy.  3.  The  #CommanderInChief  REFUSED  to  condemn  white  supremacy  on  the  GLOBAL  STAGE.  NOW  LOOK  AT  WHAT  IS  HAPPENING  ONLINE.  THIS  IS  NOT  OKAY.  pic.twitter.com/OhANFUYqNS  —  Van  Jones  (@VanJones68)  September  30,  2020
tweet-sno-1401	Wow,  nobody  realized  how  far  Mini  Mike  Bloomberg  went  in  bribing  ex-prisoners  to  go  out  and  vote  for  Sleepy  Joe.  He  is  desperate  to  get  back  into  the  good  graces  of  the  people  who  not  only  badly  beat  him,  but  made  him  look  like  a  total  fool.  Now  he’s  committed  a  serious  crime!  —  Donald  J.  Trump  (@realDonaldTrump)  September  27,  2020
