tweet-sno-1198	Q0	vclaim-sno-crowded-train-station-ukraine	1	52.15560128932473	SimBa
tweet-sno-1198	Q0	vclaim-sno-ukraine-road-sign-russia	1	38.26214795755883	SimBa
tweet-sno-1198	Q0	vclaim-sno-elon-musk-starlink-ukraine	1	37.63514014176088	SimBa
tweet-sno-1198	Q0	vclaim-sno-arma-game-clip-ukraine	1	37.159857888097704	SimBa
tweet-sno-1198	Q0	vclaim-sno-russian-paratroopers-ukraine	1	34.87721351232818	SimBa
tweet-sno-1199	Q0	vclaim-sno-elon-musk-starlink-ukraine	1	71.03331196381166	SimBa
tweet-sno-1199	Q0	vclaim-sno-russian-paratroopers-ukraine	1	39.55737352221356	SimBa
tweet-sno-1199	Q0	vclaim-sno-nuclear-bomb-detonated-in-ukraine	1	35.88727890317507	SimBa
tweet-sno-1199	Q0	vclaim-sno-tesla-hiring-complaints-elon-musk	1	35.655591045921426	SimBa
tweet-sno-1199	Q0	vclaim-sno-elon-musk-death-hoax	1	35.59058449031283	SimBa
tweet-sno-1200	Q0	vclaim-sno-elon-musk-starlink-ukraine	1	51.65391420052067	SimBa
tweet-sno-1200	Q0	vclaim-sno-jeff-bezos-flight-space	1	31.490828185441295	SimBa
tweet-sno-1200	Q0	vclaim-sno-back-to-the-future-michael-j-fox	1	31.14063008360459	SimBa
tweet-sno-1200	Q0	vclaim-sno-elon-musk-grimes-baby-x-ae-a12	1	30.795109546042504	SimBa
tweet-sno-1200	Q0	vclaim-sno-elon-musk-buca-di-beppo	1	30.026426558327124	SimBa
tweet-sno-1201	Q0	vclaim-sno-elon-musk-starlink-ukraine	1	52.92333034660628	SimBa
tweet-sno-1201	Q0	vclaim-sno-zelensky-trump-nothing-wrong	1	37.075630683955744	SimBa
tweet-sno-1201	Q0	vclaim-sno-russian-warship-us-navy	1	33.800977324016976	SimBa
tweet-sno-1201	Q0	vclaim-sno-trump-bunker-putin-parody	1	33.367974327653485	SimBa
tweet-sno-1201	Q0	vclaim-sno-obama-tweet-ukraine	1	33.21989842900221	SimBa
tweet-sno-1202	Q0	vclaim-sno-un-ban-word-war-russia-ukraine	1	60.918318907457014	SimBa
tweet-sno-1202	Q0	vclaim-sno-un-order-migrant-caravan	1	39.10266066984786	SimBa
tweet-sno-1202	Q0	vclaim-sno-putin-gives-obama-ultimatum	1	37.40498934813733	SimBa
tweet-sno-1202	Q0	vclaim-sno-bbc-nato-russia-nuclear-incident	1	37.13900626465137	SimBa
tweet-sno-1202	Q0	vclaim-sno-hotel-of-the-gods	1	36.652217192096245	SimBa
tweet-sno-1203	Q0	vclaim-sno-fox-news-russia-canceled	1	62.48776922985133	SimBa
tweet-sno-1203	Q0	vclaim-sno-sean-hannity-fired-muslims	1	44.43253407103984	SimBa
tweet-sno-1203	Q0	vclaim-sno-tucker-carlson-russian-television	1	42.94980068127921	SimBa
tweet-sno-1203	Q0	vclaim-sno-smith-and-lesson	1	42.78473686736762	SimBa
tweet-sno-1203	Q0	vclaim-sno-canadian-fox	1	42.53773996603681	SimBa
tweet-sno-1204	Q0	vclaim-sno-killing-stone-split-evil-spirit	1	47.599078653602135	SimBa
tweet-sno-1204	Q0	vclaim-sno-giant-squid-sighting-japan	1	34.41133810329078	SimBa
tweet-sno-1204	Q0	vclaim-sno-80-million-year-old-shark	1	34.20197019246582	SimBa
tweet-sno-1204	Q0	vclaim-sno-annabelle-doll-escape-museum	1	33.995508423008374	SimBa
tweet-sno-1204	Q0	vclaim-sno-remains-buried-vatican	1	33.0178119436435	SimBa
tweet-sno-1205	Q0	vclaim-sno-time-to-go-cover	1	39.45983622244418	SimBa
tweet-sno-1205	Q0	vclaim-sno-putin-hitler-time-magazine	1	38.27011136382845	SimBa
tweet-sno-1205	Q0	vclaim-sno-trump-campaign-ad-ukraine	1	37.895716879347226	SimBa
tweet-sno-1205	Q0	vclaim-sno-colin-kaepernick-2018-person-of-the-year	1	36.67219668090762	SimBa
tweet-sno-1205	Q0	vclaim-sno-ukraine-road-sign-russia	1	36.35461534174965	SimBa
tweet-sno-1206	Q0	vclaim-sno-did-aoc-say-this-about-trump	1	90.22955439813693	SimBa
tweet-sno-1206	Q0	vclaim-sno-aoc-defeat-war	1	42.11489246078852	SimBa
tweet-sno-1206	Q0	vclaim-sno-aoc-capitol-attack	1	40.420366257804005	SimBa
tweet-sno-1206	Q0	vclaim-sno-ocasio-cortez-i-have-a-very-good-brain-trump	1	40.33045529750594	SimBa
tweet-sno-1206	Q0	vclaim-sno-aoc-businesses-closed-tweet	1	40.06668402054685	SimBa
tweet-sno-1207	Q0	vclaim-sno-cdc-speech-children-masking	1	68.34390466589797	SimBa
tweet-sno-1207	Q0	vclaim-sno-cdc-death-figures	1	31.754718047812286	SimBa
tweet-sno-1207	Q0	vclaim-sno-betsy-devos-america-tweet	1	31.686994481631924	SimBa
tweet-sno-1207	Q0	vclaim-sno-green-eggs-and-ham	1	29.70129589770259	SimBa
tweet-sno-1207	Q0	vclaim-sno-unleaded	1	29.514083306156998	SimBa
tweet-sno-1208	Q0	vclaim-sno-putin-hitler-time-magazine	1	51.681206928830825	SimBa
tweet-sno-1208	Q0	vclaim-sno-liar-chief-time-magazine-cover-real	1	41.91897744005615	SimBa
tweet-sno-1208	Q0	vclaim-sno-time-to-go-cover	1	41.090544878876265	SimBa
tweet-sno-1208	Q0	vclaim-sno-putin-destroy-the-new-world-order	1	40.48700567484172	SimBa
tweet-sno-1208	Q0	vclaim-sno-letter-from-vladimir-putin	1	40.365243836091544	SimBa
tweet-sno-1209	Q0	vclaim-sno-ukraine-letter-mark-zuckerberg	1	56.13929153934948	SimBa
tweet-sno-1209	Q0	vclaim-sno-facebook-australia-ban	1	37.936816251785686	SimBa
tweet-sno-1209	Q0	vclaim-sno-facebook-ban-posts-save-children	1	36.84807942718428	SimBa
tweet-sno-1209	Q0	vclaim-sno-false-vladimir-putin-anti-muslim-speech	1	36.1645699565166	SimBa
tweet-sno-1209	Q0	vclaim-sno-moderation-coup	1	35.55109903108891	SimBa
tweet-sno-1210	Q0	vclaim-sno-ukraine-letter-mark-zuckerberg	1	61.05631491811425	SimBa
tweet-sno-1210	Q0	vclaim-sno-un-ban-word-war-russia-ukraine	1	42.67857578870806	SimBa
tweet-sno-1210	Q0	vclaim-sno-elon-musk-starlink-ukraine	1	39.33453723257059	SimBa
tweet-sno-1210	Q0	vclaim-sno-russian-paratroopers-ukraine	1	39.317078765504746	SimBa
tweet-sno-1210	Q0	vclaim-sno-putin-gives-obama-ultimatum	1	38.861194347528794	SimBa
tweet-sno-1211	Q0	vclaim-sno-ukraine-letter-mark-zuckerberg	1	46.64265669954125	SimBa
tweet-sno-1211	Q0	vclaim-sno-un-ban-word-war-russia-ukraine	1	42.466038353689854	SimBa
tweet-sno-1211	Q0	vclaim-sno-elon-musk-starlink-ukraine	1	37.059999539277605	SimBa
tweet-sno-1211	Q0	vclaim-sno-putin-gives-obama-ultimatum	1	36.87888316925631	SimBa
tweet-sno-1211	Q0	vclaim-sno-russian-paratroopers-ukraine	1	35.869629996084164	SimBa
tweet-sno-1212	Q0	vclaim-sno-anti-war-protester-moscow-sign	1	44.579747293154036	SimBa
tweet-sno-1212	Q0	vclaim-sno-crowded-train-station-ukraine	1	39.889900592347495	SimBa
tweet-sno-1212	Q0	vclaim-sno-ukraine-road-sign-russia	1	37.94283818674104	SimBa
tweet-sno-1212	Q0	vclaim-sno-aerial-footage-anti-trump-rally	1	36.15834953842265	SimBa
tweet-sno-1212	Q0	vclaim-sno-russian-paratroopers-ukraine	1	35.53565212854876	SimBa
tweet-sno-1213	Q0	vclaim-sno-tucker-carlson-russian-television	1	49.31228605072482	SimBa
tweet-sno-1213	Q0	vclaim-sno-russian-tv-trump-agent	1	46.547817588595066	SimBa
tweet-sno-1213	Q0	vclaim-sno-un-ban-word-war-russia-ukraine	1	45.039132053827764	SimBa
tweet-sno-1213	Q0	vclaim-sno-anti-war-protester-moscow-sign	1	44.521015873824105	SimBa
tweet-sno-1213	Q0	vclaim-sno-ukraine-road-sign-russia	1	43.33667640088555	SimBa
tweet-sno-1214	Q0	vclaim-sno-tucker-carlson-russian-television	1	63.2482213154121	SimBa
tweet-sno-1214	Q0	vclaim-sno-letter-from-vladimir-putin	1	47.33016759612516	SimBa
tweet-sno-1214	Q0	vclaim-sno-false-vladimir-putin-anti-muslim-speech	1	45.70429685782816	SimBa
tweet-sno-1214	Q0	vclaim-sno-putin-laugh-at-trump-loser	1	43.76138262297819	SimBa
tweet-sno-1214	Q0	vclaim-sno-turkish-chant-putin-looks-like-dick	1	41.86812199130847	SimBa
tweet-sno-1215	Q0	vclaim-sno-arma-game-clip-ukraine	1	49.642255731715	SimBa
tweet-sno-1215	Q0	vclaim-sno-is-this-ghost-of-kyiv-video-real	1	48.80316302920125	SimBa
tweet-sno-1215	Q0	vclaim-sno-russian-paratroopers-ukraine	1	43.657899434946316	SimBa
tweet-sno-1215	Q0	vclaim-sno-russian-pilot-bridge-1965	1	40.39133632980252	SimBa
tweet-sno-1215	Q0	vclaim-sno-russian-soldiers-last-words	1	37.72559059911472	SimBa
tweet-sno-1216	Q0	vclaim-sno-turkish-chant-putin-looks-like-dick	1	44.949300919456554	SimBa
tweet-sno-1216	Q0	vclaim-sno-ukraine-road-sign-russia	1	38.09135218875637	SimBa
tweet-sno-1216	Q0	vclaim-sno-anti-war-protester-moscow-sign	1	37.05341577533193	SimBa
tweet-sno-1216	Q0	vclaim-sno-video-trump-supporters	1	35.15599474737689	SimBa
tweet-sno-1216	Q0	vclaim-sno-russian-paratroopers-ukraine	1	34.45056272397273	SimBa
tweet-sno-1217	Q0	vclaim-sno-arma-game-clip-ukraine	1	58.51114039712234	SimBa
tweet-sno-1217	Q0	vclaim-sno-russian-paratroopers-ukraine	1	52.97735757189497	SimBa
tweet-sno-1217	Q0	vclaim-sno-elon-musk-starlink-ukraine	1	43.72463803483305	SimBa
tweet-sno-1217	Q0	vclaim-sno-is-this-ghost-of-kyiv-video-real	1	41.67897169791341	SimBa
tweet-sno-1217	Q0	vclaim-sno-un-ban-word-war-russia-ukraine	1	41.14805571046319	SimBa
tweet-sno-1218	Q0	vclaim-sno-russian-paratroopers-ukraine	1	49.77573610821691	SimBa
tweet-sno-1218	Q0	vclaim-sno-arma-game-clip-ukraine	1	42.770646953089695	SimBa
tweet-sno-1218	Q0	vclaim-sno-elon-musk-starlink-ukraine	1	37.2040105141038	SimBa
tweet-sno-1218	Q0	vclaim-sno-crowded-train-station-ukraine	1	36.399234037877925	SimBa
tweet-sno-1218	Q0	vclaim-sno-ukraine-road-sign-russia	1	35.912073313546536	SimBa
tweet-sno-1219	Q0	vclaim-sno-trump-us-troops-landed-ukraine	1	53.66512125063336	SimBa
tweet-sno-1219	Q0	vclaim-sno-russian-tv-trump-agent	1	45.583778642783926	SimBa
tweet-sno-1219	Q0	vclaim-sno-trump-ad-troops-russian-jets	1	44.78412893082406	SimBa
tweet-sno-1219	Q0	vclaim-sno-russian-paratroopers-ukraine	1	44.228016607005706	SimBa
tweet-sno-1219	Q0	vclaim-sno-mcconnell-trump-attack-capitol	1	41.47387385564972	SimBa
tweet-sno-1220	Q0	vclaim-sno-clueless-crocs	1	59.3875848841604	SimBa
tweet-sno-1220	Q0	vclaim-sno-kohls-blm-black-lives-matter	1	33.357783553838146	SimBa
tweet-sno-1220	Q0	vclaim-sno-guess-bag-sales-rip-off-telfar	1	32.88028909615901	SimBa
tweet-sno-1220	Q0	vclaim-sno-toms-shoes	1	31.16112290219279	SimBa
tweet-sno-1220	Q0	vclaim-sno-brown-pants	1	30.63233850872549	SimBa
tweet-sno-1221	Q0	vclaim-sno-pharrell-beverly-hills-mansion	1	71.70545700266207	SimBa
tweet-sno-1221	Q0	vclaim-sno-obamas-mansion-marthas-vineyard	1	40.95318302355751	SimBa
tweet-sno-1221	Q0	vclaim-sno-jay-z-beyonce-buy-dmx-masters	1	38.74032748219052	SimBa
tweet-sno-1221	Q0	vclaim-sno-a-shady-giveaway	1	36.48379185502781	SimBa
tweet-sno-1221	Q0	vclaim-sno-celebrity-death-hoax-trump	1	35.12448404987929	SimBa
tweet-sno-1222	Q0	vclaim-sno-kandiss-taylor-jesus-guns-babies	1	60.98259816564785	SimBa
tweet-sno-1222	Q0	vclaim-sno-ken-buck-kill-em-all-shirt	1	38.813781863222225	SimBa
tweet-sno-1222	Q0	vclaim-sno-did-bachmann-say-jesus-created-rifles	1	38.1121043315005	SimBa
tweet-sno-1222	Q0	vclaim-sno-donald-trump-purge-slogan	1	37.61507428826393	SimBa
tweet-sno-1222	Q0	vclaim-sno-sticker-shock-2	1	36.597190494403705	SimBa
tweet-sno-1223	Q0	vclaim-sno-boebert-award-red-lobster	1	56.672956849229614	SimBa
tweet-sno-1223	Q0	vclaim-sno-red-lobster-closing	1	35.06181206686519	SimBa
tweet-sno-1223	Q0	vclaim-sno-marjorie-taylor-greene-husband	1	34.32621972002956	SimBa
tweet-sno-1223	Q0	vclaim-sno-butter-coma	1	34.271430926126406	SimBa
tweet-sno-1223	Q0	vclaim-sno-is-taco-bell-financial-backer-moore	1	33.21773871782705	SimBa
tweet-sno-1224	Q0	vclaim-sno-trump-signed-nafta-wrong	1	62.19407033993054	SimBa
tweet-sno-1224	Q0	vclaim-sno-trump-call-trudeau-leader-igloo-people	1	41.67016246639259	SimBa
tweet-sno-1224	Q0	vclaim-sno-trump-autograph-womans-chest	1	40.937907793086495	SimBa
tweet-sno-1224	Q0	vclaim-sno-trump-paper-shoe	1	40.4453700089073	SimBa
tweet-sno-1224	Q0	vclaim-sno-russian-asbestos-trump_face	1	39.74826772830016	SimBa
tweet-sno-1225	Q0	vclaim-sno-eminem-knee-super-bowl	1	61.95421939897938	SimBa
tweet-sno-1225	Q0	vclaim-sno-tim-tebow-kneel-anthem	1	43.80294889638076	SimBa
tweet-sno-1225	Q0	vclaim-sno-retired-marine-open-letter-nfl	1	40.76095079603424	SimBa
tweet-sno-1225	Q0	vclaim-sno-joe-namath-kneel-national-anthem	1	40.47867100655867	SimBa
tweet-sno-1225	Q0	vclaim-sno-kaepernick-anthem-stand-if-signed	1	39.41432450202493	SimBa
tweet-sno-1226	Q0	vclaim-sno-eminem-knee-super-bowl	1	59.78215136271564	SimBa
tweet-sno-1226	Q0	vclaim-sno-tim-tebow-kneel-anthem	1	39.584734497526945	SimBa
tweet-sno-1226	Q0	vclaim-sno-fox-sports-cancels-nfl-broadcasts-players-respect-flag	1	39.516679417879644	SimBa
tweet-sno-1226	Q0	vclaim-sno-supreme-court-rule-1943-patriotic-rituals	1	38.63165791188977	SimBa
tweet-sno-1226	Q0	vclaim-sno-tom-brady-if-anybody-kneels	1	38.40938093958972	SimBa
tweet-sno-1227	Q0	vclaim-sno-gazpacho-police	1	41.8624858862946	SimBa
tweet-sno-1227	Q0	vclaim-sno-trump-protesters-cans-of-soup	1	36.03454350481584	SimBa
tweet-sno-1227	Q0	vclaim-sno-nazi-rally-madison-square-garden	1	34.18297407112771	SimBa
tweet-sno-1227	Q0	vclaim-sno-muslim-refugees-olive-garden	1	33.476450673692135	SimBa
tweet-sno-1227	Q0	vclaim-sno-food-stamp-hunger-tests	1	33.181863937772235	SimBa
tweet-sno-1228	Q0	vclaim-sno-gun-manufacturer-industry	1	57.59445874960484	SimBa
tweet-sno-1228	Q0	vclaim-sno-gun-manufacturers-crimes-products	1	50.98193821581756	SimBa
tweet-sno-1228	Q0	vclaim-sno-barack-obama-named-lawsuit-inciting-violence-police	1	41.21130396233211	SimBa
tweet-sno-1228	Q0	vclaim-sno-trump-take-firearms-first	1	41.13447764117009	SimBa
tweet-sno-1228	Q0	vclaim-sno-biden-150-million-gun-deaths	1	39.264193396534694	SimBa
tweet-sno-1229	Q0	vclaim-sno-trump-kkk-cross-burning	1	39.681101519729346	SimBa
tweet-sno-1229	Q0	vclaim-sno-book-burnings-1933-2022	1	38.700674465152076	SimBa
tweet-sno-1229	Q0	vclaim-sno-trumps-flip-flop-on-flag-burning	1	38.08310384771587	SimBa
tweet-sno-1229	Q0	vclaim-sno-portland-protesters-burn-bibles	1	35.75739042765789	SimBa
tweet-sno-1229	Q0	vclaim-sno-hail-satan-license-plates	1	35.30572361231448	SimBa
tweet-sno-1230	Q0	vclaim-sno-capitol-window-wave-video	1	62.644434526555436	SimBa
tweet-sno-1230	Q0	vclaim-sno-capitol-police-selfie	1	40.93175720198521	SimBa
tweet-sno-1230	Q0	vclaim-sno-golden-trump-statue-cpac	1	39.26911056120838	SimBa
tweet-sno-1230	Q0	vclaim-sno-mtg-fort-pelosi-us-capitol	1	38.97412145083674	SimBa
tweet-sno-1230	Q0	vclaim-sno-capitol-riots-private-party	1	38.829495830166834	SimBa
tweet-sno-1231	Q0	vclaim-sno-capitol-window-wave-video	1	46.90576273426077	SimBa
tweet-sno-1231	Q0	vclaim-sno-capitol-riot-podium	1	46.114994662301264	SimBa
tweet-sno-1231	Q0	vclaim-sno-capitol-police-opened-gates	1	45.51625369888496	SimBa
tweet-sno-1231	Q0	vclaim-sno-capitol-riots-private-party	1	41.58475978082952	SimBa
tweet-sno-1231	Q0	vclaim-sno-police-hold-hand-trump-riot	1	40.85946855562525	SimBa
tweet-sno-1232	Q0	vclaim-sno-capitol-window-wave-video	1	54.680252323368094	SimBa
tweet-sno-1232	Q0	vclaim-sno-capitol-police-selfie	1	35.707950511122796	SimBa
tweet-sno-1232	Q0	vclaim-sno-mtg-fort-pelosi-us-capitol	1	33.33769350623869	SimBa
tweet-sno-1232	Q0	vclaim-sno-police-hold-hand-trump-riot	1	32.99802158119421	SimBa
tweet-sno-1232	Q0	vclaim-sno-was-mccabe-escorted-fbi-building	1	32.793641201746546	SimBa
tweet-sno-1233	Q0	vclaim-sno-europa-io-jupiter-video	1	45.478304800130104	SimBa
tweet-sno-1233	Q0	vclaim-sno-moon-truth	1	36.094315647688404	SimBa
tweet-sno-1233	Q0	vclaim-sno-giant-moon-blocking-sun-arctic	1	35.71717618434469	SimBa
tweet-sno-1233	Q0	vclaim-sno-tiktok-zombies-finland	1	35.36546440158976	SimBa
tweet-sno-1233	Q0	vclaim-sno-jupiter-moons	1	34.654363243421976	SimBa
tweet-sno-1234	Q0	vclaim-sno-freedom-convoy-canada	1	58.385677488309994	SimBa
tweet-sno-1234	Q0	vclaim-sno-truckers-strike-thanksgiving	1	37.44047843928194	SimBa
tweet-sno-1234	Q0	vclaim-sno-highway-sign-consider-canada	1	35.436430840661195	SimBa
tweet-sno-1234	Q0	vclaim-sno-border-wall-migrant-caravan	1	35.04912326652283	SimBa
tweet-sno-1234	Q0	vclaim-sno-ginni-thomas-buses	1	34.83333342471685	SimBa
tweet-sno-1235	Q0	vclaim-sno-walmart-canada-covid-vaccination-proof	1	51.394227251535874	SimBa
tweet-sno-1235	Q0	vclaim-sno-florida-covid-canadian-tourism	1	37.36552442467945	SimBa
tweet-sno-1235	Q0	vclaim-sno-canada-covid-travelers	1	35.49699908550849	SimBa
tweet-sno-1235	Q0	vclaim-sno-canada-global-reset-plan-leak	1	34.54570152016716	SimBa
tweet-sno-1235	Q0	vclaim-sno-walmart-immigration-raids	1	33.71533162263185	SimBa
tweet-sno-1236	Q0	vclaim-sno-biden-doocy-stupid-bitch	1	57.25056687926276	SimBa
tweet-sno-1236	Q0	vclaim-sno-listen-to-scientists	1	43.66604496428789	SimBa
tweet-sno-1236	Q0	vclaim-sno-bar-owner-biden-ad	1	43.46861073826349	SimBa
tweet-sno-1236	Q0	vclaim-sno-trump-biden-resident-meme	1	43.09477091183293	SimBa
tweet-sno-1236	Q0	vclaim-sno-trump-stock-market-prediction	1	42.51173932827197	SimBa
tweet-sno-1237	Q0	vclaim-sno-covid-deaths-4-comorbidities	1	46.21140688117582	SimBa
tweet-sno-1237	Q0	vclaim-sno-covid-19-reinfection	1	46.055376823490235	SimBa
tweet-sno-1237	Q0	vclaim-sno-covid-flu-tamiflu	1	45.38151469120245	SimBa
tweet-sno-1237	Q0	vclaim-sno-covid-nyc-tokyo	1	44.9800806821197	SimBa
tweet-sno-1237	Q0	vclaim-sno-flu-vaccine-covid-buttar	1	44.831044502589215	SimBa
tweet-sno-1238	Q0	vclaim-sno-anne-frank-good-news-quote	1	84.19405667098685	SimBa
tweet-sno-1238	Q0	vclaim-sno-anne-frank-flowers-quote	1	39.192617133342175	SimBa
tweet-sno-1238	Q0	vclaim-sno-ann-landers-quote-about-aging	1	35.1028410156031	SimBa
tweet-sno-1238	Q0	vclaim-sno-did-shakespeare-say-he-always-felt-happy	1	34.35712713297232	SimBa
tweet-sno-1238	Q0	vclaim-sno-eleanor-roosevelt-quote-liberal	1	34.1676498133218	SimBa
tweet-sno-1239	Q0	vclaim-sno-does-the-rock-own-a-t-rex-skull	1	58.541001051133264	SimBa
tweet-sno-1239	Q0	vclaim-sno-trump-rocky-tweet	1	39.02534348820579	SimBa
tweet-sno-1239	Q0	vclaim-sno-the-rock-running-for-president	1	36.98572660215136	SimBa
tweet-sno-1239	Q0	vclaim-sno-johny-bravo-the-rock-powerpuff-girls	1	36.86436990692978	SimBa
tweet-sno-1239	Q0	vclaim-sno-quintuple-skull	1	36.461889459173946	SimBa
tweet-sno-1240	Q0	vclaim-sno-does-the-rock-own-a-t-rex-skull	1	50.178395426370045	SimBa
tweet-sno-1240	Q0	vclaim-sno-trump-rocky-tweet	1	35.44595931793164	SimBa
tweet-sno-1240	Q0	vclaim-sno-johny-bravo-the-rock-powerpuff-girls	1	35.1255379885686	SimBa
tweet-sno-1240	Q0	vclaim-sno-quintuple-skull	1	34.40867139872339	SimBa
tweet-sno-1240	Q0	vclaim-sno-roger-stone-rap	1	34.26898744400965	SimBa
tweet-sno-1241	Q0	vclaim-sno-hidden-tax-credit-journalists	1	68.16047210364673	SimBa
tweet-sno-1241	Q0	vclaim-sno-republican-congress-approved-trump-tv	1	39.57701493169596	SimBa
tweet-sno-1241	Q0	vclaim-sno-credit-where-credit-is-due	1	37.299215035312585	SimBa
tweet-sno-1241	Q0	vclaim-sno-2017-tax-bill	1	37.154291998851654	SimBa
tweet-sno-1241	Q0	vclaim-sno-612-credit-for-deserving-americans	1	36.71824154474372	SimBa
tweet-sno-1242	Q0	vclaim-sno-california-ethnic-studies-genocide	1	67.93760837851491	SimBa
tweet-sno-1242	Q0	vclaim-sno-california-forbids-singing-covid	1	42.74970425359461	SimBa
tweet-sno-1242	Q0	vclaim-sno-education-oregon	1	41.96692018660767	SimBa
tweet-sno-1242	Q0	vclaim-sno-is-california-requiring-students-arabic-numbers	1	40.67135411317511	SimBa
tweet-sno-1242	Q0	vclaim-sno-bernie-sanders-scarlet-cross	1	39.208543543097925	SimBa
tweet-sno-1243	Q0	vclaim-sno-california-ethnic-studies-genocide	1	54.85203642571147	SimBa
tweet-sno-1243	Q0	vclaim-sno-ucla-students-rally-behind-isis	1	36.416454982865005	SimBa
tweet-sno-1243	Q0	vclaim-sno-students-praise-allah-common-core	1	34.37339233144747	SimBa
tweet-sno-1243	Q0	vclaim-sno-education-oregon	1	34.11422314442243	SimBa
tweet-sno-1243	Q0	vclaim-sno-one-nation-under-allah	1	34.02468881191698	SimBa
tweet-sno-1244	Q0	vclaim-sno-california-ethnic-studies-genocide	1	38.15914970484044	SimBa
tweet-sno-1244	Q0	vclaim-sno-tom-cotton-slavery-necessary-evil	1	31.61971523423984	SimBa
tweet-sno-1244	Q0	vclaim-sno-california-15-genders	1	31.26571216593692	SimBa
tweet-sno-1244	Q0	vclaim-sno-washington-state-to-teach-transgenderism-to-kindergartners	1	30.922566118653883	SimBa
tweet-sno-1244	Q0	vclaim-sno-the-old-college-sigh	1	29.69416627984914	SimBa
tweet-sno-1245	Q0	vclaim-sno-joe-rogan-hamburgers	1	65.48575046200155	SimBa
tweet-sno-1245	Q0	vclaim-sno-jamie-oliver-mcdonalds-burgers	1	45.54831160813054	SimBa
tweet-sno-1245	Q0	vclaim-sno-mcdonalds-100-beef	1	40.72655412860098	SimBa
tweet-sno-1245	Q0	vclaim-sno-joe-rogan-height-sky	1	35.89454085710166	SimBa
tweet-sno-1245	Q0	vclaim-sno-joe-biden-corn-dog	1	34.904058149798026	SimBa
tweet-sno-1246	Q0	vclaim-sno-robot-bodyguard-king-of-bahrain	1	54.69663609768982	SimBa
tweet-sno-1246	Q0	vclaim-sno-saudi-arabia-beheads-robot	1	39.04634883610662	SimBa
tweet-sno-1246	Q0	vclaim-sno-saudi-arabia-eases-guardianship-rules-against-women	1	34.36375354050725	SimBa
tweet-sno-1246	Q0	vclaim-sno-sex-robot-cooking-cleaning	1	32.20183336164428	SimBa
tweet-sno-1246	Q0	vclaim-sno-armed-robot-video	1	31.768489430655045	SimBa
tweet-sno-1247	Q0	vclaim-sno-gorsuch-flu-kills-fake-quote	1	67.41007385507541	SimBa
tweet-sno-1247	Q0	vclaim-sno-flu-kills-more-people-covid-19	1	49.91916860706916	SimBa
tweet-sno-1247	Q0	vclaim-sno-trump-quote-never-died-before	1	43.846016131474045	SimBa
tweet-sno-1247	Q0	vclaim-sno-biden-120million-deaths-covid19	1	41.72487433360123	SimBa
tweet-sno-1247	Q0	vclaim-sno-trump-covid-19-deadlier-than-flu	1	41.169491450023735	SimBa
tweet-sno-1248	Q0	vclaim-sno-djokovic-federer-nadal	1	58.85306158127873	SimBa
tweet-sno-1248	Q0	vclaim-sno-djokovic-simone-biles-pressure-privilege	1	30.612751497542018	SimBa
tweet-sno-1248	Q0	vclaim-sno-brussels-attack-video-fake	1	29.534585295738758	SimBa
tweet-sno-1248	Q0	vclaim-sno-radiohead-fans-left-red-faced-after-applauding-tuning-session	1	29.336355908785826	SimBa
tweet-sno-1248	Q0	vclaim-sno-fbi-prince-andrew-twitter	1	28.997996226150324	SimBa
tweet-sno-1249	Q0	vclaim-sno-children-hazmat-suits	1	43.29799335978504	SimBa
tweet-sno-1249	Q0	vclaim-sno-china-boys-dead-face-mask	1	38.64476461211996	SimBa
tweet-sno-1249	Q0	vclaim-sno-hm-release-equally-racist-collection	1	37.423389544806795	SimBa
tweet-sno-1249	Q0	vclaim-sno-does-covid-stand-for	1	36.17110792545213	SimBa
tweet-sno-1249	Q0	vclaim-sno-jay-baker-chyna-shirts	1	35.99300765864055	SimBa
tweet-sno-1250	Q0	vclaim-sno-covid-deaths-4-comorbidities	1	59.39213812177185	SimBa
tweet-sno-1250	Q0	vclaim-sno-cdc-mortality-statistics	1	50.69020974674041	SimBa
tweet-sno-1250	Q0	vclaim-sno-biden-military-deaths-covid	1	48.49183900503911	SimBa
tweet-sno-1250	Q0	vclaim-sno-biden-120million-deaths-covid19	1	48.41878423552654	SimBa
tweet-sno-1250	Q0	vclaim-sno-cdc-covid-19-data	1	46.229388309724115	SimBa
tweet-sno-1251	Q0	vclaim-sno-woodward-bernstein-photo-nixon	1	55.44153377340271	SimBa
tweet-sno-1251	Q0	vclaim-sno-lyin-34i34s	1	40.854719348224315	SimBa
tweet-sno-1251	Q0	vclaim-sno-nixon-watergate-details-illegally-leaked	1	40.29526634001031	SimBa
tweet-sno-1251	Q0	vclaim-sno-handy-excuses-nixon-backers	1	40.203334500820795	SimBa
tweet-sno-1251	Q0	vclaim-sno-roger-stone-richard-nixon	1	39.072501545534436	SimBa
tweet-sno-1252	Q0	vclaim-sno-did-china-launch-an-artificial-sun	1	58.70322723747322	SimBa
tweet-sno-1252	Q0	vclaim-sno-panda-solar-farm-china	1	42.12560783132471	SimBa
tweet-sno-1252	Q0	vclaim-sno-trump-rally-non-sun	1	38.75505898916993	SimBa
tweet-sno-1252	Q0	vclaim-sno-china-hospital-10-days	1	37.36922588736042	SimBa
tweet-sno-1252	Q0	vclaim-sno-solar-drain	1	37.1981689104467	SimBa
tweet-sno-1253	Q0	vclaim-sno-david-bowie-newsnight-1999	1	60.99133861362539	SimBa
tweet-sno-1253	Q0	vclaim-sno-rock-star-david-bowie	1	37.74511690165443	SimBa
tweet-sno-1253	Q0	vclaim-sno-david-bowie-mtv-black-artists	1	37.57979507915687	SimBa
tweet-sno-1253	Q0	vclaim-sno-david-bowie-lemmy-photo	1	36.3089862483777	SimBa
tweet-sno-1253	Q0	vclaim-sno-passing-fancy	1	34.21265764272747	SimBa
tweet-sno-1254	Q0	vclaim-sno-mike-pence-tweet	1	65.73159698695491	SimBa
tweet-sno-1254	Q0	vclaim-sno-hang-mike-pence-chant-capitol-riot	1	53.80212681538078	SimBa
tweet-sno-1254	Q0	vclaim-sno-pence-trump-twitter-jan-6-riots	1	48.90280140376241	SimBa
tweet-sno-1254	Q0	vclaim-sno-bannon-hell-capitol-attack	1	47.63193455050692	SimBa
tweet-sno-1254	Q0	vclaim-sno-tucker-carlson-capitol-attack	1	47.302040764238356	SimBa
tweet-sno-1255	Q0	vclaim-sno-mike-pence-tweet	1	62.202079606118886	SimBa
tweet-sno-1255	Q0	vclaim-sno-hang-mike-pence-chant-capitol-riot	1	54.32640283923804	SimBa
tweet-sno-1255	Q0	vclaim-sno-mypillow-antifa-temptresses	1	46.604623097497324	SimBa
tweet-sno-1255	Q0	vclaim-sno-pence-trump-twitter-jan-6-riots	1	46.40337116626706	SimBa
tweet-sno-1255	Q0	vclaim-sno-trump-mob-capitol	1	45.798788153946354	SimBa
tweet-sno-1256	Q0	vclaim-sno-joe-biden-pinch-girls-nipple	1	55.33511233141793	SimBa
tweet-sno-1256	Q0	vclaim-sno-biden-accuser-photo	1	44.50679941152556	SimBa
tweet-sno-1256	Q0	vclaim-sno-joe-biden-grope-photograph	1	42.66718082614906	SimBa
tweet-sno-1256	Q0	vclaim-sno-biden-discomforting-photo	1	42.26312125533963	SimBa
tweet-sno-1256	Q0	vclaim-sno-biden-daughter-photo	1	42.14056277797027	SimBa
tweet-sno-1257	Q0	vclaim-sno-did-bmw-reveal-a-color-changing-car	1	45.58210400766931	SimBa
tweet-sno-1257	Q0	vclaim-sno-paramagnetic-paint-car	1	41.39451245349648	SimBa
tweet-sno-1257	Q0	vclaim-sno-cars-melting-in-arizona-heat-wave	1	39.09571247705447	SimBa
tweet-sno-1257	Q0	vclaim-sno-dodge-challenger-elephant-skin	1	35.119813343695924	SimBa
tweet-sno-1257	Q0	vclaim-sno-2021-dodge-ram	1	34.691841442114765	SimBa
tweet-sno-1258	Q0	vclaim-sno-nasa-planetary-protection-officer	1	42.99150067931365	SimBa
tweet-sno-1258	Q0	vclaim-sno-planet-destroy-earth	1	39.69177326188421	SimBa
tweet-sno-1258	Q0	vclaim-sno-nasa-24-theologians-research-aliens	1	39.31911233740979	SimBa
tweet-sno-1258	Q0	vclaim-sno-simpsons-predict-astroworld-tragedy	1	36.06861003138484	SimBa
tweet-sno-1258	Q0	vclaim-sno-hugh-mann-alien-life-mars	1	35.45014922509959	SimBa
tweet-sno-1259	Q0	vclaim-sno-irs-taxpayers-stolen-items-illegal-income	1	49.571476277492636	SimBa
tweet-sno-1259	Q0	vclaim-sno-tax-refunds-late-2021	1	38.6677407171036	SimBa
tweet-sno-1259	Q0	vclaim-sno-irs-social-security-numbers	1	36.067231576104206	SimBa
tweet-sno-1259	Q0	vclaim-sno-donald-trump-tax-return-hack	1	35.08561262478992	SimBa
tweet-sno-1259	Q0	vclaim-sno-internal-robbing-you-service	1	35.0463509744113	SimBa
tweet-sno-1260	Q0	vclaim-sno-more-cars-stolen-on-new-years	1	49.89868144898943	SimBa
tweet-sno-1260	Q0	vclaim-sno-thieves-search-christmas-trash	1	39.99091269704828	SimBa
tweet-sno-1260	Q0	vclaim-sno-basket-cases	1	37.30439401205628	SimBa
tweet-sno-1260	Q0	vclaim-sno-grand-jest-auto	1	35.32827558664657	SimBa
tweet-sno-1260	Q0	vclaim-sno-puncture-proof	1	34.68681178500674	SimBa
tweet-sno-1261	Q0	vclaim-sno-did-trump-praise-covid-19-vaccines	1	72.6179544909545	SimBa
tweet-sno-1261	Q0	vclaim-sno-trump-my-blood-is-the-vaccine	1	55.21176280805018	SimBa
tweet-sno-1261	Q0	vclaim-sno-trump-beautiful-covid-19-vaccine	1	55.0458211955104	SimBa
tweet-sno-1261	Q0	vclaim-sno-trump-moderna-stock	1	52.87858012255118	SimBa
tweet-sno-1261	Q0	vclaim-sno-covid-vaccine-funded-by-trump	1	52.47909408422608	SimBa
tweet-sno-1262	Q0	vclaim-sno-nigella-lawson-microwave	1	33.54190495628959	SimBa
tweet-sno-1262	Q0	vclaim-sno-le-a	1	32.59506309116958	SimBa
tweet-sno-1262	Q0	vclaim-sno-bite-the-wax-tadpole	1	31.47920227064631	SimBa
tweet-sno-1262	Q0	vclaim-sno-homework-spelled-backwards	1	31.422964194518148	SimBa
tweet-sno-1262	Q0	vclaim-sno-ted-cruz-sound-fury-quote	1	30.161442333727624	SimBa
tweet-sno-1263	Q0	vclaim-sno-jesse-watters-faucis-assassination	1	64.78152410557806	SimBa
tweet-sno-1263	Q0	vclaim-sno-sean-hannity-fired-muslims	1	41.36527660944041	SimBa
tweet-sno-1263	Q0	vclaim-sno-trey-gowdy-nancy-pelosi	1	39.09385436249618	SimBa
tweet-sno-1263	Q0	vclaim-sno-carlson-media-lynching-chauvin	1	39.08253843543446	SimBa
tweet-sno-1263	Q0	vclaim-sno-bannon-fauci-wray-head-pikes	1	38.727988792182245	SimBa
tweet-sno-1264	Q0	vclaim-sno-jesse-watters-faucis-assassination	1	65.096322016658	SimBa
tweet-sno-1264	Q0	vclaim-sno-bannon-fauci-wray-head-pikes	1	40.6715615775683	SimBa
tweet-sno-1264	Q0	vclaim-sno-carlson-media-lynching-chauvin	1	38.7576765785786	SimBa
tweet-sno-1264	Q0	vclaim-sno-sean-hannity-fired-muslims	1	37.581057983971576	SimBa
tweet-sno-1264	Q0	vclaim-sno-cnn-church-trump-voter	1	36.72239872975718	SimBa
tweet-sno-1265	Q0	vclaim-sno-home-alone-mccallister-house	1	62.3263524808131	SimBa
tweet-sno-1265	Q0	vclaim-sno-home-alone-world-trade-center	1	43.58353556272795	SimBa
tweet-sno-1265	Q0	vclaim-sno-trump-cut-from-home-alone-2	1	39.94876174061833	SimBa
tweet-sno-1265	Q0	vclaim-sno-angels-with-filthy-souls-real	1	37.32380202041063	SimBa
tweet-sno-1265	Q0	vclaim-sno-kieran-culkin-in-home-alone	1	36.21457455341595	SimBa
tweet-sno-1266	Q0	vclaim-sno-elf-nice-names-actual-crew	1	83.29153354246603	SimBa
tweet-sno-1266	Q0	vclaim-sno-nsa-on-the-shelf	1	40.00527120755662	SimBa
tweet-sno-1266	Q0	vclaim-sno-hocus-pocus-2	1	32.3100126297987	SimBa
tweet-sno-1266	Q0	vclaim-sno-santa-covid-exemption-ireland	1	31.744595370403612	SimBa
tweet-sno-1266	Q0	vclaim-sno-black-panther-fbi-watch-list	1	30.73295822233814	SimBa
tweet-sno-1267	Q0	vclaim-sno-kieran-culkin-in-home-alone	1	84.51372020714949	SimBa
tweet-sno-1267	Q0	vclaim-sno-macaulay-culkin-dead	1	44.614896420835045	SimBa
tweet-sno-1267	Q0	vclaim-sno-home-alone-mccallister-house	1	40.69621663268794	SimBa
tweet-sno-1267	Q0	vclaim-sno-angels-with-filthy-souls-real	1	38.03307383689038	SimBa
tweet-sno-1267	Q0	vclaim-sno-trump-cut-from-home-alone-2	1	35.94296590119568	SimBa
tweet-sno-1268	Q0	vclaim-sno-pfizer-bourla-vaccine-microchip	1	60.99559144376365	SimBa
tweet-sno-1268	Q0	vclaim-sno-covid-vaccine-female-sterilization	1	42.95685427787433	SimBa
tweet-sno-1268	Q0	vclaim-sno-bill-gates-id2020	1	41.516027197516856	SimBa
tweet-sno-1268	Q0	vclaim-sno-pfizer-chief-scientist-vaccines	1	41.28780139609239	SimBa
tweet-sno-1268	Q0	vclaim-sno-cuomo-vaccine-bad-news-trump	1	40.19289413614817	SimBa
tweet-sno-1269	Q0	vclaim-sno-kraft-cream-cheese-shortage	1	45.69878638617187	SimBa
tweet-sno-1269	Q0	vclaim-sno-free-cone-day-dq	1	38.35775585770523	SimBa
tweet-sno-1269	Q0	vclaim-sno-ben-and-jerrys-latke-ice-cream	1	34.53212391400047	SimBa
tweet-sno-1269	Q0	vclaim-sno-free-cone-day	1	32.96624235453419	SimBa
tweet-sno-1269	Q0	vclaim-sno-wood-in-cheese	1	32.7125232467105	SimBa
tweet-sno-1270	Q0	vclaim-sno-biden-bob-dole-end-of-message	1	71.91979615083429	SimBa
tweet-sno-1270	Q0	vclaim-sno-joe-you-know-i-won-letter-trump	1	45.35512117600456	SimBa
tweet-sno-1270	Q0	vclaim-sno-biden-ron-burgundy	1	44.14070536415613	SimBa
tweet-sno-1270	Q0	vclaim-sno-trump-biden-resident-meme	1	43.08719745878955	SimBa
tweet-sno-1270	Q0	vclaim-sno-biden-america-is-dead	1	42.11759927902039	SimBa
tweet-sno-1271	Q0	vclaim-sno-gwen-shamblin-death	1	52.580879967110285	SimBa
tweet-sno-1271	Q0	vclaim-sno-perry-ramsey-conspiracy-theory	1	40.22582188684618	SimBa
tweet-sno-1271	Q0	vclaim-sno-was-rapper-xxxtentacion-found-alive	1	35.251636261592736	SimBa
tweet-sno-1271	Q0	vclaim-sno-breast-in-peace	1	34.88845170849035	SimBa
tweet-sno-1271	Q0	vclaim-sno-lifeisasoph-jacob-blake-ex	1	33.96903647196572	SimBa
tweet-sno-1272	Q0	vclaim-sno-kennedy-bloody-shirt	1	49.52748955257139	SimBa
tweet-sno-1272	Q0	vclaim-sno-penal-institution	1	40.005600262129065	SimBa
tweet-sno-1272	Q0	vclaim-sno-mccain-carried-air-force-two	1	38.27851718172443	SimBa
tweet-sno-1272	Q0	vclaim-sno-waco-david-chipman-photo	1	36.42639707758033	SimBa
tweet-sno-1272	Q0	vclaim-sno-orlando-shooters-father-clinton	1	35.43754612081614	SimBa
tweet-sno-1273	Q0	vclaim-sno-ceo-biontech-refuse-vaccine	1	55.21465473804521	SimBa
tweet-sno-1273	Q0	vclaim-sno-pfizer-chief-scientist-vaccines	1	40.00757523024315	SimBa
tweet-sno-1273	Q0	vclaim-sno-did-pfizers-vp-blow-whistle-gardasil	1	39.32033908389328	SimBa
tweet-sno-1273	Q0	vclaim-sno-cdc-halts-us-jj-covid-shots	1	38.66204947225522	SimBa
tweet-sno-1273	Q0	vclaim-sno-ugur-sahin-turkish-immigrant-photo	1	38.48394477992795	SimBa
tweet-sno-1274	Q0	vclaim-sno-trump-christmas-card-2021	1	54.821787042846246	SimBa
tweet-sno-1274	Q0	vclaim-sno-trumpy-bear	1	48.33594280406353	SimBa
tweet-sno-1274	Q0	vclaim-sno-trump-chinese-virus-notes	1	45.545451785286524	SimBa
tweet-sno-1274	Q0	vclaim-sno-el-paso-shooting-twitter	1	44.728039760837504	SimBa
tweet-sno-1274	Q0	vclaim-sno-trump-staged-speechwriting-picture	1	44.6353654712053	SimBa
tweet-sno-1275	Q0	vclaim-sno-jeffrey-epstein-ghislaine-maxwell-pope	1	53.9061227917789	SimBa
tweet-sno-1275	Q0	vclaim-sno-bloomberg-ghislaine-maxwell	1	44.87304691794554	SimBa
tweet-sno-1275	Q0	vclaim-sno-epstein-trumps-photo	1	42.476093799323486	SimBa
tweet-sno-1275	Q0	vclaim-sno-jean-luc-brunel-maxwell	1	41.705516565761656	SimBa
tweet-sno-1275	Q0	vclaim-sno-pope-francis-kisses-david-rockefellers-hand	1	41.552764741433485	SimBa
tweet-sno-1276	Q0	vclaim-sno-building-7-collapse	1	58.75479961659601	SimBa
tweet-sno-1276	Q0	vclaim-sno-journal-endorses-911-conspiracy-theory	1	51.83367905999915	SimBa
tweet-sno-1276	Q0	vclaim-sno-cia-agent-confesses-wtc7	1	50.524146022041194	SimBa
tweet-sno-1276	Q0	vclaim-sno-wtc-terrorism-insurance	1	42.33762731090382	SimBa
tweet-sno-1276	Q0	vclaim-sno-911-pentagon-attack	1	39.81352408676399	SimBa
tweet-sno-1277	Q0	vclaim-sno-omicron-movie-made-in-1960s	1	42.83494660321456	SimBa
tweet-sno-1277	Q0	vclaim-sno-columbia-disaster	1	35.9485180237537	SimBa
tweet-sno-1277	Q0	vclaim-sno-dean-koontz-predicted-coronavirus	1	35.31573376123209	SimBa
tweet-sno-1277	Q0	vclaim-sno-captain-america-coronavirus-pandemic	1	34.14615023949744	SimBa
tweet-sno-1277	Q0	vclaim-sno-nostradamus-notre-dame-fire	1	33.28283329932542	SimBa
tweet-sno-1278	Q0	vclaim-sno-omicron-movie-made-in-1960s	1	32.84314007697283	SimBa
tweet-sno-1278	Q0	vclaim-sno-back-to-the-future-predictions	1	30.406848962496586	SimBa
tweet-sno-1278	Q0	vclaim-sno-simpsons-predict-coronavirus	1	30.00478008977579	SimBa
tweet-sno-1278	Q0	vclaim-sno-morgan-freeman-2018-review	1	29.877449675912686	SimBa
tweet-sno-1278	Q0	vclaim-sno-back-to-the-future-michael-j-fox	1	29.34601111397418	SimBa
tweet-sno-1279	Q0	vclaim-sno-omicron-movie-made-in-1960s	1	42.120636354777325	SimBa
tweet-sno-1279	Q0	vclaim-sno-i-am-legend-zombie	1	36.548391938558375	SimBa
tweet-sno-1279	Q0	vclaim-sno-covid-detecting-microchip	1	34.45583544737813	SimBa
tweet-sno-1279	Q0	vclaim-sno-lqp-79-zombie-virus	1	34.09316929563187	SimBa
tweet-sno-1279	Q0	vclaim-sno-booster-after-infected-omicron	1	33.714030586421124	SimBa
tweet-sno-1280	Q0	vclaim-sno-buttigieg-electric-cars-gas-prices	1	60.97361114673719	SimBa
tweet-sno-1280	Q0	vclaim-sno-fuel-deficient	1	50.979504431281306	SimBa
tweet-sno-1280	Q0	vclaim-sno-aoc-democrats-eliminate-oil-gas	1	40.52309133997867	SimBa
tweet-sno-1280	Q0	vclaim-sno-ocasio-cortez-cars-hurricanes	1	39.864628652261274	SimBa
tweet-sno-1280	Q0	vclaim-sno-gas-out	1	39.288452274945975	SimBa
tweet-sno-1281	Q0	vclaim-sno-meteor-falcon-9-spacex-rocket	1	49.539297171187144	SimBa
tweet-sno-1281	Q0	vclaim-sno-spacex-sending-deadly-pathogen	1	41.11094265912674	SimBa
tweet-sno-1281	Q0	vclaim-sno-shuttle-launch-from-space	1	39.16207892916304	SimBa
tweet-sno-1281	Q0	vclaim-sno-first-space-hotel-opening	1	38.46362726619962	SimBa
tweet-sno-1281	Q0	vclaim-sno-unidentified-flying-object-seen-as-spacex-rocket-exploded	1	37.76109081555847	SimBa
tweet-sno-1282	Q0	vclaim-sno-ghislaine-maxwell-trial-audio	1	43.43089160325492	SimBa
tweet-sno-1282	Q0	vclaim-sno-can-you-hear-me-scam	1	30.92608179390516	SimBa
tweet-sno-1282	Q0	vclaim-sno-mars-real-audio	1	28.5912584204703	SimBa
tweet-sno-1282	Q0	vclaim-sno-walmart-audio-blm	1	28.2163289260673	SimBa
tweet-sno-1282	Q0	vclaim-sno-marjorie-taylor-greene-twitter	1	28.166957399840197	SimBa
tweet-sno-1283	Q0	vclaim-sno-recall-frozen-cauliflower-listeria	1	63.13511087265242	SimBa
tweet-sno-1283	Q0	vclaim-sno-aunt-jemima-pancakes-recall	1	41.92234170932891	SimBa
tweet-sno-1283	Q0	vclaim-sno-fda-packaging-change	1	41.88500536047291	SimBa
tweet-sno-1283	Q0	vclaim-sno-mann-packaged-vegetable-recall	1	40.77798082005703	SimBa
tweet-sno-1283	Q0	vclaim-sno-sargento-recall-fake-news	1	40.42731529997916	SimBa
tweet-sno-1284	Q0	vclaim-sno-biden-bob-dole-end-of-message	1	50.37087170826213	SimBa
tweet-sno-1284	Q0	vclaim-sno-biden-teleprompter-interview	1	47.77312282576832	SimBa
tweet-sno-1284	Q0	vclaim-sno-biden-ron-burgundy	1	47.72676320633612	SimBa
tweet-sno-1284	Q0	vclaim-sno-joe-biden-n-word-recorded-speech	1	47.108631229148514	SimBa
tweet-sno-1284	Q0	vclaim-sno-trump-biden-resident-meme	1	44.79246552603278	SimBa
tweet-sno-1285	Q0	vclaim-sno-recall-hand-sanitizer	1	64.51948395120564	SimBa
tweet-sno-1285	Q0	vclaim-sno-born-basic-recall	1	47.30080300831154	SimBa
tweet-sno-1285	Q0	vclaim-sno-baby-wipes-recall	1	43.43854858341651	SimBa
tweet-sno-1285	Q0	vclaim-sno-recall-that-recall	1	41.32832463222795	SimBa
tweet-sno-1285	Q0	vclaim-sno-imperfect-recall	1	41.266550988602276	SimBa
tweet-sno-1286	Q0	vclaim-sno-webs-spun-by-lsd-tripping-spiders	1	67.70132920036889	SimBa
tweet-sno-1286	Q0	vclaim-sno-mutant-spiders-in-missouri	1	43.014782248689784	SimBa
tweet-sno-1286	Q0	vclaim-sno-spider-in-tampon	1	40.15474904214986	SimBa
tweet-sno-1286	Q0	vclaim-sno-marijuana-alien-dna	1	38.90161474212919	SimBa
tweet-sno-1286	Q0	vclaim-sno-park-covered-spider-webs	1	37.93963348093892	SimBa
tweet-sno-1287	Q0	vclaim-sno-burger-king-adult-meal	1	40.73556108281943	SimBa
tweet-sno-1287	Q0	vclaim-sno-krispy-kreme-lube	1	40.180516528047086	SimBa
tweet-sno-1287	Q0	vclaim-sno-ku-klux-kruller	1	39.98645714296957	SimBa
tweet-sno-1287	Q0	vclaim-sno-krispy-kreme-pirate-day	1	38.410053326246505	SimBa
tweet-sno-1287	Q0	vclaim-sno-bts-band-meal-mcdonalds	1	34.14509467356218	SimBa
tweet-sno-1288	Q0	vclaim-sno-study-coronavirus-antibodies-deer	1	47.62179995775202	SimBa
tweet-sno-1288	Q0	vclaim-sno-dog-flu	1	43.53812962209045	SimBa
tweet-sno-1288	Q0	vclaim-sno-covid-good-news-list-accurate	1	42.36783050226317	SimBa
tweet-sno-1288	Q0	vclaim-sno-cdc-mortality-statistics	1	40.95868169608127	SimBa
tweet-sno-1288	Q0	vclaim-sno-covid-flu-tamiflu	1	40.89316138327921	SimBa
tweet-sno-1289	Q0	vclaim-sno-steve-martin-puppy	1	52.18015161779233	SimBa
tweet-sno-1289	Q0	vclaim-sno-biden-dogs-trump-chew-toy	1	35.07004714604604	SimBa
tweet-sno-1289	Q0	vclaim-sno-german-news-trump-nato	1	34.85143293097792	SimBa
tweet-sno-1289	Q0	vclaim-sno-biden-dog-major-indoguration	1	34.144691092575805	SimBa
tweet-sno-1289	Q0	vclaim-sno-puppy-love-2	1	33.6877872540686	SimBa
tweet-sno-1290	Q0	vclaim-sno-simpsons-predict-astroworld-tragedy	1	50.97881654132844	SimBa
tweet-sno-1290	Q0	vclaim-sno-simpsons-predict-beirut-explosion	1	44.69733612377166	SimBa
tweet-sno-1290	Q0	vclaim-sno-lady-gaga-superbowl-simpsons	1	42.9505811772468	SimBa
tweet-sno-1290	Q0	vclaim-sno-simpsons-predict-tom-hanks	1	42.51566322633371	SimBa
tweet-sno-1290	Q0	vclaim-sno-simpsons-predict-trump	1	41.9009196855983	SimBa
tweet-sno-1291	Q0	vclaim-sno-simpsons-predict-astroworld-tragedy	1	54.95653600814586	SimBa
tweet-sno-1291	Q0	vclaim-sno-simpsons-predict-tom-hanks	1	43.0011644628912	SimBa
tweet-sno-1291	Q0	vclaim-sno-simpsons-predict-trump	1	40.934945549680926	SimBa
tweet-sno-1291	Q0	vclaim-sno-simpsons-predict-beirut-explosion	1	40.64891137723548	SimBa
tweet-sno-1291	Q0	vclaim-sno-simpsons-predict-trumps-death	1	40.60579811794816	SimBa
tweet-sno-1292	Q0	vclaim-sno-delete-google-chrome-trends	1	61.13075212004274	SimBa
tweet-sno-1292	Q0	vclaim-sno-covid-app-tracker	1	32.636169230085024	SimBa
tweet-sno-1292	Q0	vclaim-sno-google-self-driving-bicycle	1	32.119311744386266	SimBa
tweet-sno-1292	Q0	vclaim-sno-facebook-open-phones-camera	1	31.536480683291025	SimBa
tweet-sno-1292	Q0	vclaim-sno-yahoo-web-beacons	1	30.808368985208904	SimBa
tweet-sno-1293	Q0	vclaim-sno-no-gavin-newsom-isnt-missing	1	45.89394816481036	SimBa
tweet-sno-1293	Q0	vclaim-sno-lin-wood-biden-dead-trump	1	39.89669175633939	SimBa
tweet-sno-1293	Q0	vclaim-sno-boebert-tweet-pelosi-location	1	37.71221034408808	SimBa
tweet-sno-1293	Q0	vclaim-sno-melania-trump-last-christmas	1	36.36955014567506	SimBa
tweet-sno-1293	Q0	vclaim-sno-ivanka-trump-news-network-parler	1	36.22022216764187	SimBa
tweet-sno-1294	Q0	vclaim-sno-gas-generator-tesla-photo	1	47.16933652468456	SimBa
tweet-sno-1294	Q0	vclaim-sno-electric-car-1905	1	43.715042246077914	SimBa
tweet-sno-1294	Q0	vclaim-sno-hoarding-gas-plastic-bags	1	40.39782633986037	SimBa
tweet-sno-1294	Q0	vclaim-sno-fuel-deficient	1	38.019399484467556	SimBa
tweet-sno-1294	Q0	vclaim-sno-buttigieg-electric-cars-gas-prices	1	35.67989664664966	SimBa
tweet-sno-1295	Q0	vclaim-sno-satellite-image-diwali	1	60.4184625435647	SimBa
tweet-sno-1295	Q0	vclaim-sno-first-photo-sunset-mars	1	41.88239172888824	SimBa
tweet-sno-1295	Q0	vclaim-sno-the-view-iss-beautiful	1	40.58385746833942	SimBa
tweet-sno-1295	Q0	vclaim-sno-martian-sunset-spirit	1	37.92197913447968	SimBa
tweet-sno-1295	Q0	vclaim-sno-did-china-launch-an-artificial-sun	1	37.378459539186174	SimBa
tweet-sno-1296	Q0	vclaim-sno-japan-ivermectin-covid-vaccine	1	41.45006696717781	SimBa
tweet-sno-1296	Q0	vclaim-sno-ivermectin-sterility-in-men	1	37.80759228984715	SimBa
tweet-sno-1296	Q0	vclaim-sno-flesh-eating-std	1	34.35615103334214	SimBa
tweet-sno-1296	Q0	vclaim-sno-did-ivermectin-win-a-nobel-prize	1	34.337861886976945	SimBa
tweet-sno-1296	Q0	vclaim-sno-trump-disinfectants-covid-19	1	33.3445972504552	SimBa
tweet-sno-1297	Q0	vclaim-sno-fauci-vaccine-experiment-beagles	1	43.73740422090969	SimBa
tweet-sno-1297	Q0	vclaim-sno-loreal-beagle-testing	1	40.37891470346139	SimBa
tweet-sno-1297	Q0	vclaim-sno-pepto-xylitol	1	35.84322497456156	SimBa
tweet-sno-1297	Q0	vclaim-sno-trifexis	1	35.69342791317724	SimBa
tweet-sno-1297	Q0	vclaim-sno-dynamic-pet-products-real-ham-bone	1	35.65947800468136	SimBa
tweet-sno-1298	Q0	vclaim-sno-fauci-vaccine-experiment-beagles	1	47.82813710235427	SimBa
tweet-sno-1298	Q0	vclaim-sno-trey-gowdy-nancy-pelosi	1	37.65114780135173	SimBa
tweet-sno-1298	Q0	vclaim-sno-pelosi-stage-vaccine-photo	1	36.88402532735644	SimBa
tweet-sno-1298	Q0	vclaim-sno-trump-animal-cruelty	1	36.85021527357492	SimBa
tweet-sno-1298	Q0	vclaim-sno-peta-lobster-rescue-in-nebraska-kills-captive-creatures	1	36.841205521235665	SimBa
tweet-sno-1299	Q0	vclaim-sno-peta-mlb-bullpen-arm-barn	1	66.69700306175544	SimBa
tweet-sno-1299	Q0	vclaim-sno-bull-scorn	1	34.63930444854509	SimBa
tweet-sno-1299	Q0	vclaim-sno-bull-warning-sign-field	1	33.15089920976696	SimBa
tweet-sno-1299	Q0	vclaim-sno-peta-boo	1	32.88509669507571	SimBa
tweet-sno-1299	Q0	vclaim-sno-chicken-mcbites	1	30.979859331428088	SimBa
tweet-sno-1300	Q0	vclaim-sno-gerald-sharon-david-illegal-immigrant-nevada	1	47.434061480230305	SimBa
tweet-sno-1300	Q0	vclaim-sno-immigrant-homicides-us	1	45.79217277742342	SimBa
tweet-sno-1300	Q0	vclaim-sno-donald-trump-new-mexico	1	45.22822131513709	SimBa
tweet-sno-1300	Q0	vclaim-sno-mexico-border-trump-elected	1	44.482951553564654	SimBa
tweet-sno-1300	Q0	vclaim-sno-trump-border-wall-colorado	1	43.21969326142482	SimBa
tweet-sno-1301	Q0	vclaim-sno-kanye-west-shayk-kardashian	1	60.55791064739314	SimBa
tweet-sno-1301	Q0	vclaim-sno-kardashian-west-split	1	48.15876142895297	SimBa
tweet-sno-1301	Q0	vclaim-sno-kim-kardashian-dog-fur-coat	1	43.26805068243231	SimBa
tweet-sno-1301	Q0	vclaim-sno-kanye-west-wanted-for-jewelry-insurance-scam	1	36.277348763909394	SimBa
tweet-sno-1301	Q0	vclaim-sno-obama-kanye-chicago-bush	1	35.01305645544499	SimBa
tweet-sno-1302	Q0	vclaim-sno-amc-theaters-open-captions	1	49.91449590264058	SimBa
tweet-sno-1302	Q0	vclaim-sno-live-action-lilo-stitch-remake	1	33.55094122669879	SimBa
tweet-sno-1302	Q0	vclaim-sno-disney-live-action-hercules	1	33.0786677803287	SimBa
tweet-sno-1302	Q0	vclaim-sno-muppet-show-warning	1	32.79281290022934	SimBa
tweet-sno-1302	Q0	vclaim-sno-waverly-labs-pilot-earpiece-translates-spoken-language	1	31.948330505425275	SimBa
tweet-sno-1303	Q0	vclaim-sno-fauci-coronavirus-research-grant	1	50.20212882166221	SimBa
tweet-sno-1303	Q0	vclaim-sno-fauci-vaccine-experiment-beagles	1	45.79367749298197	SimBa
tweet-sno-1303	Q0	vclaim-sno-florida-labs-busted-covid	1	39.79485319131795	SimBa
tweet-sno-1303	Q0	vclaim-sno-giuliani-wuhan-lab-tweet	1	39.76806529408095	SimBa
tweet-sno-1303	Q0	vclaim-sno-fauci-gain-function-covid	1	39.25269487408173	SimBa
tweet-sno-1304	Q0	vclaim-sno-anne-frank-flowers-quote	1	81.65862715793864	SimBa
tweet-sno-1304	Q0	vclaim-sno-anne-frank-good-news-quote	1	38.54782796678963	SimBa
tweet-sno-1304	Q0	vclaim-sno-erma-bombecks-regrets	1	36.98976267977072	SimBa
tweet-sno-1304	Q0	vclaim-sno-anne-frank-children-separated	1	34.73651075938984	SimBa
tweet-sno-1304	Q0	vclaim-sno-mark-twain-obituary-pleasure	1	34.32245428198647	SimBa
tweet-sno-1305	Q0	vclaim-sno-pelosi-democrats-police-tactics	1	39.86983868578584	SimBa
tweet-sno-1305	Q0	vclaim-sno-pelosi-impeachment-social-security	1	38.52355239083798	SimBa
tweet-sno-1305	Q0	vclaim-sno-pelosi-stimulus-package	1	38.43469325862076	SimBa
tweet-sno-1305	Q0	vclaim-sno-impeachment-consulting-fees	1	37.69379970869215	SimBa
tweet-sno-1305	Q0	vclaim-sno-internal-robbing-you-service	1	37.67833381653998	SimBa
tweet-sno-1306	Q0	vclaim-sno-kevin-james-sexy	1	44.820025231125534	SimBa
tweet-sno-1306	Q0	vclaim-sno-nwllab-moh-bulletin-coronavirus	1	33.49366937036093	SimBa
tweet-sno-1306	Q0	vclaim-sno-koobface	1	33.47271742128549	SimBa
tweet-sno-1306	Q0	vclaim-sno-mass-shooter-shooting-mugshots	1	33.09889255453378	SimBa
tweet-sno-1306	Q0	vclaim-sno-chemistree-olive-tree	1	32.324333464514744	SimBa
tweet-sno-1307	Q0	vclaim-sno-toronto-bar-cheer-kevin-durant-injury	1	63.70267738437742	SimBa
tweet-sno-1307	Q0	vclaim-sno-kevin-hart-mugged-photo	1	33.228633077671226	SimBa
tweet-sno-1307	Q0	vclaim-sno-lebron-james-wore-protest-shirt	1	32.15363805205337	SimBa
tweet-sno-1307	Q0	vclaim-sno-kevin-hart-paralyzed-car-crash	1	32.101777610944545	SimBa
tweet-sno-1307	Q0	vclaim-sno-chicago-code-blue-fb-meme	1	29.140601150872392	SimBa
tweet-sno-1308	Q0	vclaim-sno-michele-bachmann-columbus-day	1	46.04515748625065	SimBa
tweet-sno-1308	Q0	vclaim-sno-columbus-day-north-america-discovery	1	43.482046857043564	SimBa
tweet-sno-1308	Q0	vclaim-sno-beheaded-columbus-statue	1	35.93232342627137	SimBa
tweet-sno-1308	Q0	vclaim-sno-hug-a-muslim-day	1	35.89361001654872	SimBa
tweet-sno-1308	Q0	vclaim-sno-dia-de-los-muertos-remembrance	1	34.55362372381184	SimBa
tweet-sno-1309	Q0	vclaim-sno-nasa-mission-to-destroy-asteroid	1	61.26510796520833	SimBa
tweet-sno-1309	Q0	vclaim-sno-asteroid-warning-april-2020	1	44.53734232165036	SimBa
tweet-sno-1309	Q0	vclaim-sno-will-a-doomsday-asteroid-destroy-earth-in-february-2017	1	43.2834851128531	SimBa
tweet-sno-1309	Q0	vclaim-sno-asteroid-hit-earth-on-christmas	1	42.56140463219463	SimBa
tweet-sno-1309	Q0	vclaim-sno-asteroid-hit-after-valentines-day	1	42.44798066729974	SimBa
tweet-sno-1310	Q0	vclaim-sno-nasa-mission-to-destroy-asteroid	1	60.94035166570247	SimBa
tweet-sno-1310	Q0	vclaim-sno-asteroid-hit-earth-on-christmas	1	50.41858339812367	SimBa
tweet-sno-1310	Q0	vclaim-sno-asteroid-warning-april-2020	1	48.32784192813753	SimBa
tweet-sno-1310	Q0	vclaim-sno-will-a-doomsday-asteroid-destroy-earth-in-february-2017	1	47.77366539563472	SimBa
tweet-sno-1310	Q0	vclaim-sno-asteroid-golden-gate-bridge	1	46.54392262995281	SimBa
tweet-sno-1311	Q0	vclaim-sno-ny-hospitals-unvaccinated-parents	1	49.674131458955486	SimBa
tweet-sno-1311	Q0	vclaim-sno-pregnant-women-covid-19-vaccine	1	35.77857179045622	SimBa
tweet-sno-1311	Q0	vclaim-sno-effectiveness-face-masks	1	34.466374540750664	SimBa
tweet-sno-1311	Q0	vclaim-sno-kids-covid-quarantine	1	34.326100858872216	SimBa
tweet-sno-1311	Q0	vclaim-sno-breast-practices	1	33.92409468360134	SimBa
tweet-sno-1312	Q0	vclaim-sno-skittles-lime-flavor-is-back	1	42.01081907897438	SimBa
tweet-sno-1312	Q0	vclaim-sno-taste-the-cocainebow	1	35.98391499360398	SimBa
tweet-sno-1312	Q0	vclaim-sno-does-a-snapple-lid-say-trump-lost	1	34.248836312940405	SimBa
tweet-sno-1312	Q0	vclaim-sno-zimmerman-skittles-signing	1	31.346366830154842	SimBa
tweet-sno-1312	Q0	vclaim-sno-twitter-cammo-trump-covid	1	31.08850603968091	SimBa
tweet-sno-1313	Q0	vclaim-sno-skittles-lime-flavor-is-back	1	40.64310824553062	SimBa
tweet-sno-1313	Q0	vclaim-sno-reeses-peanut-butter-cups	1	32.794666905619444	SimBa
tweet-sno-1313	Q0	vclaim-sno-is-there-a-new-lucky-charms-frosted-flakes-cereal	1	31.589506945690836	SimBa
tweet-sno-1313	Q0	vclaim-sno-taste-the-cocainebow	1	31.359185656654848	SimBa
tweet-sno-1313	Q0	vclaim-sno-pepsi-mini-fridges-scam	1	31.060915285273516	SimBa
tweet-sno-1314	Q0	vclaim-sno-skittles-lime-flavor-is-back	1	41.027074314607354	SimBa
tweet-sno-1314	Q0	vclaim-sno-ice-cream-covid19	1	33.427631321537426	SimBa
tweet-sno-1314	Q0	vclaim-sno-pepsi-mini-fridges-scam	1	32.09278370886636	SimBa
tweet-sno-1314	Q0	vclaim-sno-loki-charms-are-real	1	31.763332624120572	SimBa
tweet-sno-1314	Q0	vclaim-sno-parler-russia	1	31.129378966344557	SimBa
tweet-sno-1315	Q0	vclaim-sno-norway-reclassify-covid-as-flu	1	56.20100505885648	SimBa
tweet-sno-1315	Q0	vclaim-sno-flu-kills-more-people-covid-19	1	46.801653237734016	SimBa
tweet-sno-1315	Q0	vclaim-sno-coronavirus-graph-spreading-faster	1	44.32467765978902	SimBa
tweet-sno-1315	Q0	vclaim-sno-fauci-chickenpox-covid-19	1	44.254856616567544	SimBa
tweet-sno-1315	Q0	vclaim-sno-trump-covid-19-deadlier-than-flu	1	43.61541217694253	SimBa
tweet-sno-1316	Q0	vclaim-sno-oodhu-paavai-plant	1	50.07099340521324	SimBa
tweet-sno-1316	Q0	vclaim-sno-blow-bubbles-plant	1	37.98650066224247	SimBa
tweet-sno-1316	Q0	vclaim-sno-trunk-line	1	36.52132080506207	SimBa
tweet-sno-1316	Q0	vclaim-sno-parrot-flower	1	35.9681539794035	SimBa
tweet-sno-1316	Q0	vclaim-sno-phallic-plant-photo	1	35.57918099144777	SimBa
tweet-sno-1317	Q0	vclaim-sno-military-dogs-left-in-afghanistan	1	53.88203974356137	SimBa
tweet-sno-1317	Q0	vclaim-sno-biden-dogs-kicked-out-white-house	1	37.44937312890399	SimBa
tweet-sno-1317	Q0	vclaim-sno-photographs-show-dozens-dead-dogs-kuwait	1	37.225939426500425	SimBa
tweet-sno-1317	Q0	vclaim-sno-marine-corps-dog-adoptions	1	35.50448576287271	SimBa
tweet-sno-1317	Q0	vclaim-sno-americans-flights-afghanistan	1	35.366314991516674	SimBa
tweet-sno-1318	Q0	vclaim-sno-nanobot-inseminate-egg-sperm	1	71.83126472293905	SimBa
tweet-sno-1318	Q0	vclaim-sno-butthole-surfing-robot	1	37.80668824078221	SimBa
tweet-sno-1318	Q0	vclaim-sno-the-tell-tale-swab	1	36.41414099739093	SimBa
tweet-sno-1318	Q0	vclaim-sno-engineer-std-sex-robot	1	36.3007992235532	SimBa
tweet-sno-1318	Q0	vclaim-sno-russian-scientists-discover-cure-homosexuality	1	36.04820560871714	SimBa
tweet-sno-1319	Q0	vclaim-sno-university-ban-capital-letters	1	45.77967509609613	SimBa
tweet-sno-1319	Q0	vclaim-sno-letter-g-cant-recognize	1	33.53427308508633	SimBa
tweet-sno-1319	Q0	vclaim-sno-rutgers-grammar-racist	1	32.71916056830911	SimBa
tweet-sno-1319	Q0	vclaim-sno-ripon-college-9-11-memorial	1	32.163593340548914	SimBa
tweet-sno-1319	Q0	vclaim-sno-gender-trolls	1	31.715562281534716	SimBa
tweet-sno-1320	Q0	vclaim-sno-golf-course-burial	1	45.43956961268904	SimBa
tweet-sno-1320	Q0	vclaim-sno-gold-tongued-mummies-egypt	1	35.91707279116515	SimBa
tweet-sno-1320	Q0	vclaim-sno-stone-age-tunnels	1	35.07104871683909	SimBa
tweet-sno-1320	Q0	vclaim-sno-knights-templar-caves-shropshire	1	34.98167938596719	SimBa
tweet-sno-1320	Q0	vclaim-sno-girl-700-year-old-coin	1	34.79077777535335	SimBa
tweet-sno-1321	Q0	vclaim-sno-biden-vaccines-hurricane-protect	1	59.163877924923426	SimBa
tweet-sno-1321	Q0	vclaim-sno-biden-350-million-americans-vaccinated	1	46.959397272238384	SimBa
tweet-sno-1321	Q0	vclaim-sno-biden-tweet-pandemic	1	46.692501609174094	SimBa
tweet-sno-1321	Q0	vclaim-sno-biden-covid-vaccine-2	1	46.19408550987176	SimBa
tweet-sno-1321	Q0	vclaim-sno-biden-promise-fewer-fires-floods	1	45.26672073210655	SimBa
tweet-sno-1322	Q0	vclaim-sno-texas-lawyer-michael-myers-prank	1	55.04287267263464	SimBa
tweet-sno-1322	Q0	vclaim-sno-william-shatner-halloween-mask	1	41.82267337014803	SimBa
tweet-sno-1322	Q0	vclaim-sno-hurricane-michael-approaching-florida	1	35.49957914038704	SimBa
tweet-sno-1322	Q0	vclaim-sno-florida-airport-flooded-michael	1	35.33954680962864	SimBa
tweet-sno-1322	Q0	vclaim-sno-is-this-alberto-approaching-pensacola-beach	1	35.27958519092416	SimBa
tweet-sno-1323	Q0	vclaim-sno-jason-derulo-met-gala-stairs	1	50.56486464151156	SimBa
tweet-sno-1323	Q0	vclaim-sno-jay-johnston-capitol-riots	1	34.62187069578357	SimBa
tweet-sno-1323	Q0	vclaim-sno-biden-falls-on-stairs	1	33.74200378488445	SimBa
tweet-sno-1323	Q0	vclaim-sno-roger-stone-rap	1	32.47410161944313	SimBa
tweet-sno-1323	Q0	vclaim-sno-trump-boat-parade-sunken	1	31.7241573905607	SimBa
tweet-sno-1324	Q0	vclaim-sno-emma-raducanu-us-open-airpods	1	55.81586546163425	SimBa
tweet-sno-1324	Q0	vclaim-sno-free-shoes-from-nike	1	30.952867867866217	SimBa
tweet-sno-1324	Q0	vclaim-sno-clinton-secret-earpiece-debate	1	30.780862446126346	SimBa
tweet-sno-1324	Q0	vclaim-sno-diane-abbott-shoes	1	28.934057238486886	SimBa
tweet-sno-1324	Q0	vclaim-sno-kerri-strug-usa-gold	1	28.688347647235517	SimBa
tweet-sno-1325	Q0	vclaim-sno-emma-raducanu-us-open-airpods	1	62.7818354970051	SimBa
tweet-sno-1325	Q0	vclaim-sno-olympic-games	1	31.033736014836695	SimBa
tweet-sno-1325	Q0	vclaim-sno-mens-soccer-player-sports-bra	1	30.065978778650205	SimBa
tweet-sno-1325	Q0	vclaim-sno-taya-kyle-nike-american-sniper	1	30.020031480222855	SimBa
tweet-sno-1325	Q0	vclaim-sno-balls-up-2	1	29.801816804724936	SimBa
tweet-sno-1326	Q0	vclaim-sno-tyra-banks-ice-cream	1	66.06405399468191	SimBa
tweet-sno-1326	Q0	vclaim-sno-dolly-parton-ice-cream-flavor	1	39.19665484155277	SimBa
tweet-sno-1326	Q0	vclaim-sno-elon-musk-buca-di-beppo	1	37.67687843472059	SimBa
tweet-sno-1326	Q0	vclaim-sno-ben-jerrys-impeachmint-ice-cream	1	36.58975300284606	SimBa
tweet-sno-1326	Q0	vclaim-sno-hubby-hubby	1	36.0315366389203	SimBa
tweet-sno-1327	Q0	vclaim-sno-national-archives-us-constitution	1	58.203295942107346	SimBa
tweet-sno-1327	Q0	vclaim-sno-wingdings	1	32.122071773807775	SimBa
tweet-sno-1327	Q0	vclaim-sno-stockpile-website-change-kushner	1	31.762520844866614	SimBa
tweet-sno-1327	Q0	vclaim-sno-playgrounds-for-appeal	1	31.754378014599578	SimBa
tweet-sno-1327	Q0	vclaim-sno-muppet-show-warning	1	31.499866508107583	SimBa
tweet-sno-1328	Q0	vclaim-sno-ivermectin-sterility-in-men	1	52.650499519857505	SimBa
tweet-sno-1328	Q0	vclaim-sno-covid-vaccine-female-sterilization	1	37.92706685928036	SimBa
tweet-sno-1328	Q0	vclaim-sno-male-birth-control-testing-stopped	1	37.11022777677864	SimBa
tweet-sno-1328	Q0	vclaim-sno-sperm-switch-invention-market	1	35.2636968864215	SimBa
tweet-sno-1328	Q0	vclaim-sno-birth-control-steve-bannon	1	35.2606081403469	SimBa
tweet-sno-1329	Q0	vclaim-sno-did-ivermectin-win-a-nobel-prize	1	46.31463913111247	SimBa
tweet-sno-1329	Q0	vclaim-sno-ivermectin-sterility-in-men	1	37.90286326027168	SimBa
tweet-sno-1329	Q0	vclaim-sno-cattle-vaccine-covid-19	1	36.49819284822837	SimBa
tweet-sno-1329	Q0	vclaim-sno-ivermectin-cure-coronavirus	1	35.438209857288776	SimBa
tweet-sno-1329	Q0	vclaim-sno-gelatin-source	1	33.3411643164011	SimBa
tweet-sno-1330	Q0	vclaim-sno-biden-visit-tree-of-life-synagogue	1	53.62055293149951	SimBa
tweet-sno-1330	Q0	vclaim-sno-biden-antifa-courageous-americans	1	39.473390792455774	SimBa
tweet-sno-1330	Q0	vclaim-sno-biden-christians-lgbtq-rights	1	36.517869688572766	SimBa
tweet-sno-1330	Q0	vclaim-sno-trump-biden-assassination-shot	1	36.400618255586274	SimBa
tweet-sno-1330	Q0	vclaim-sno-biden-trump-dregs-society	1	36.22580868599148	SimBa
tweet-sno-1331	Q0	vclaim-sno-biden-visit-tree-of-life-synagogue	1	57.41280832925062	SimBa
tweet-sno-1331	Q0	vclaim-sno-pittsburgh-synagogue-shooting-holocaust-survivor	1	43.802049718177265	SimBa
tweet-sno-1331	Q0	vclaim-sno-biden-tucker-carlson-white-men	1	42.371220582052366	SimBa
tweet-sno-1331	Q0	vclaim-sno-biden-antifa-courageous-americans	1	42.03305652591687	SimBa
tweet-sno-1331	Q0	vclaim-sno-tree-of-life-muslim-groups-donations-mosque	1	41.794357640522705	SimBa
tweet-sno-1332	Q0	vclaim-sno-andrew-cuomo-dog-governors-mansion	1	53.27379265548049	SimBa
tweet-sno-1332	Q0	vclaim-sno-new-yorks-nursing-homes-ship-empty	1	38.173770571289786	SimBa
tweet-sno-1332	Q0	vclaim-sno-cuomo-vaccine-bad-news-trump	1	36.85945022315958	SimBa
tweet-sno-1332	Q0	vclaim-sno-white-house-oval-pawffice-texas	1	36.54371012931294	SimBa
tweet-sno-1332	Q0	vclaim-sno-new-york-state-gun-travel-ban	1	35.46771909327433	SimBa
tweet-sno-1333	Q0	vclaim-sno-andrew-cuomo-dog-governors-mansion	1	54.384138375487666	SimBa
tweet-sno-1333	Q0	vclaim-sno-biden-dogs-kicked-out-white-house	1	39.75192422824896	SimBa
tweet-sno-1333	Q0	vclaim-sno-dog-sleep-by-his-masters-grave	1	38.08841383439762	SimBa
tweet-sno-1333	Q0	vclaim-sno-trump-veteran-service-dog	1	37.980994170983855	SimBa
tweet-sno-1333	Q0	vclaim-sno-biden-dog-major-indoguration	1	37.5472675781306	SimBa
tweet-sno-1334	Q0	vclaim-sno-trump-wall-damaged-arizona	1	61.52862533594284	SimBa
tweet-sno-1334	Q0	vclaim-sno-hurricane-hanna-border-fence	1	43.295117568203715	SimBa
tweet-sno-1334	Q0	vclaim-sno-is-photograph-border-agents-separating-children	1	39.52815734896235	SimBa
tweet-sno-1334	Q0	vclaim-sno-border-wall-fence-trump-climb	1	38.534798531458854	SimBa
tweet-sno-1334	Q0	vclaim-sno-trump-border-dome	1	38.10769834328174	SimBa
tweet-sno-1335	Q0	vclaim-sno-taliban-hanging-black-hawk	1	54.39434436900944	SimBa
tweet-sno-1335	Q0	vclaim-sno-boebert-taliban-building-back-better	1	44.227428889530714	SimBa
tweet-sno-1335	Q0	vclaim-sno-chinook-helicopter-afghanistan-rooftop	1	42.246987052175925	SimBa
tweet-sno-1335	Q0	vclaim-sno-prayer-request-seals-helicopter	1	41.19453255407885	SimBa
tweet-sno-1335	Q0	vclaim-sno-trump-taliban-pakistani-prison	1	40.845158409461405	SimBa
tweet-sno-1336	Q0	vclaim-sno-us-taliban-arsenal-military-equipment	1	45.52268282972048	SimBa
tweet-sno-1336	Q0	vclaim-sno-americans-flights-afghanistan	1	43.01239335447083	SimBa
tweet-sno-1336	Q0	vclaim-sno-boebert-taliban-building-back-better	1	40.444570652224094	SimBa
tweet-sno-1336	Q0	vclaim-sno-military-dogs-left-in-afghanistan	1	38.54319838368469	SimBa
tweet-sno-1336	Q0	vclaim-sno-taliban-hanging-black-hawk	1	37.81013682597166	SimBa
tweet-sno-1337	Q0	vclaim-sno-weather-channel-hurricane-winds	1	37.950988641418284	SimBa
tweet-sno-1337	Q0	vclaim-sno-weather-reporter-holly-ellenbogen-hit-by-a-stop-sign-during-storm	1	34.69796248984221	SimBa
tweet-sno-1337	Q0	vclaim-sno-hurricane-irma-hitting-miami-airport	1	34.09050974668264	SimBa
tweet-sno-1337	Q0	vclaim-sno-texas-mayor-rant-facebook-post	1	33.61366338427526	SimBa
tweet-sno-1337	Q0	vclaim-sno-trump-saved-two-cats-after-hurricane-harvey	1	33.585148068227724	SimBa
tweet-sno-1338	Q0	vclaim-sno-biden-asleep-meeting-israeli-pm	1	71.80773578668249	SimBa
tweet-sno-1338	Q0	vclaim-sno-ted-cruz-fall-asleep-joe-biden	1	54.75187598683272	SimBa
tweet-sno-1338	Q0	vclaim-sno-biden-fall-asleep-during-interview	1	50.65421902698629	SimBa
tweet-sno-1338	Q0	vclaim-sno-biden-inaugural-speech	1	47.98559148005487	SimBa
tweet-sno-1338	Q0	vclaim-sno-joe-biden-stutter	1	45.24491665266454	SimBa
tweet-sno-1339	Q0	vclaim-sno-biden-asleep-meeting-israeli-pm	1	49.723423075961506	SimBa
tweet-sno-1339	Q0	vclaim-sno-trump-quote-kim-jong-un-biden	1	45.87106786062985	SimBa
tweet-sno-1339	Q0	vclaim-sno-trump-biden-resident-meme	1	45.606502258290156	SimBa
tweet-sno-1339	Q0	vclaim-sno-biden-say-president-harris	1	44.91840955334469	SimBa
tweet-sno-1339	Q0	vclaim-sno-bar-owner-biden-ad	1	44.566562405648405	SimBa
tweet-sno-1340	Q0	vclaim-sno-biden-asleep-meeting-israeli-pm	1	58.934470101896686	SimBa
tweet-sno-1340	Q0	vclaim-sno-biden-fall-asleep-during-interview	1	49.07486141131416	SimBa
tweet-sno-1340	Q0	vclaim-sno-did-biden-say-my-butts-been-wiped	1	44.49571037922034	SimBa
tweet-sno-1340	Q0	vclaim-sno-ted-cruz-fall-asleep-joe-biden	1	43.9075044484451	SimBa
tweet-sno-1340	Q0	vclaim-sno-biden-say-president-harris	1	41.94231263133793	SimBa
tweet-sno-1341	Q0	vclaim-sno-paws-act-veterans-ptsd-service-dogs	1	62.96030439698869	SimBa
tweet-sno-1341	Q0	vclaim-sno-biden-dog-major-indoguration	1	43.108712253372424	SimBa
tweet-sno-1341	Q0	vclaim-sno-biden-dogs-kicked-out-white-house	1	41.44399986025316	SimBa
tweet-sno-1341	Q0	vclaim-sno-biden-major-dog-rescue-white-house	1	41.253291303150355	SimBa
tweet-sno-1341	Q0	vclaim-sno-trump-animal-cruelty	1	41.06610442376826	SimBa
tweet-sno-1342	Q0	vclaim-sno-kanye-west-name-change	1	54.7418212131287	SimBa
tweet-sno-1342	Q0	vclaim-sno-half-nelson	1	53.17320663074888	SimBa
tweet-sno-1342	Q0	vclaim-sno-obama-kanye-chicago-bush	1	46.93807878878298	SimBa
tweet-sno-1342	Q0	vclaim-sno-kanye-west-wanted-for-jewelry-insurance-scam	1	45.519682675195355	SimBa
tweet-sno-1342	Q0	vclaim-sno-kardashian-west-split	1	45.16212334214795	SimBa
tweet-sno-1343	Q0	vclaim-sno-only-fans-reverses-ban-sexually-explicit	1	50.63318533162205	SimBa
tweet-sno-1343	Q0	vclaim-sno-onlyfans-trump-ban-capitol	1	35.594251165586506	SimBa
tweet-sno-1343	Q0	vclaim-sno-parler-russia	1	28.688553825220936	SimBa
tweet-sno-1343	Q0	vclaim-sno-marjorie-taylor-greene-twitter	1	27.603882023810606	SimBa
tweet-sno-1343	Q0	vclaim-sno-gay-men-proud-boys-hashtag	1	27.344898839012306	SimBa
tweet-sno-1344	Q0	vclaim-sno-immigrants-covid-texas-abbott	1	40.343698902824	SimBa
tweet-sno-1344	Q0	vclaim-sno-fox-news-chyron	1	38.998738336010035	SimBa
tweet-sno-1344	Q0	vclaim-sno-americans-flights-afghanistan	1	38.64095143027084	SimBa
tweet-sno-1344	Q0	vclaim-sno-biden-houston-and-michigan	1	37.977792100799206	SimBa
tweet-sno-1344	Q0	vclaim-sno-jim-jordan-911-tweet	1	37.46133715572438	SimBa
tweet-sno-1345	Q0	vclaim-sno-boebert-taliban-building-back-better	1	70.46498087654331	SimBa
tweet-sno-1345	Q0	vclaim-sno-trump-taliban-pakistani-prison	1	42.00342421037819	SimBa
tweet-sno-1345	Q0	vclaim-sno-americans-flights-afghanistan	1	34.275869335058	SimBa
tweet-sno-1345	Q0	vclaim-sno-us-taliban-arsenal-military-equipment	1	33.91896159341361	SimBa
tweet-sno-1345	Q0	vclaim-sno-rashida-tlaib-people-tweet	1	32.85566681036296	SimBa
tweet-sno-1346	Q0	vclaim-sno-trump-taliban-pakistani-prison	1	54.71655388062416	SimBa
tweet-sno-1346	Q0	vclaim-sno-boebert-taliban-building-back-better	1	44.04698761802108	SimBa
tweet-sno-1346	Q0	vclaim-sno-smooth-transition-trump	1	39.687659443735264	SimBa
tweet-sno-1346	Q0	vclaim-sno-nobel-peace-prize-trump-turkey	1	38.38204805648643	SimBa
tweet-sno-1346	Q0	vclaim-sno-ronald-reagan-taliban-photo	1	37.11316698011679	SimBa
tweet-sno-1347	Q0	vclaim-sno-ella-french-daughter	1	51.695129204133615	SimBa
tweet-sno-1347	Q0	vclaim-sno-cnn-justine-damond	1	43.950572516741865	SimBa
tweet-sno-1347	Q0	vclaim-sno-john-crawford-police-shooting-meme	1	40.69371143621705	SimBa
tweet-sno-1347	Q0	vclaim-sno-girl-shot-at-standing-rock	1	40.041407535434686	SimBa
tweet-sno-1347	Q0	vclaim-sno-chicago-violence-weekend	1	39.4166351517409	SimBa
tweet-sno-1348	Q0	vclaim-sno-biden-350-million-americans-vaccinated	1	69.26815730251312	SimBa
tweet-sno-1348	Q0	vclaim-sno-biden-150-million-gun-deaths	1	49.37809036799459	SimBa
tweet-sno-1348	Q0	vclaim-sno-biden-120million-deaths-covid19	1	48.79110537368323	SimBa
tweet-sno-1348	Q0	vclaim-sno-biden-vaccines-hurricane-protect	1	48.44876564771942	SimBa
tweet-sno-1348	Q0	vclaim-sno-biden-covid-vaccine	1	47.5238728975116	SimBa
tweet-sno-1349	Q0	vclaim-sno-alfredo-rivera-video	1	53.521186626180274	SimBa
tweet-sno-1349	Q0	vclaim-sno-frontier-airline-passenger-duct-taped	1	35.80423342787795	SimBa
tweet-sno-1349	Q0	vclaim-sno-airplane-forced-to-make-emergency-landing-odor	1	33.81398291296886	SimBa
tweet-sno-1349	Q0	vclaim-sno-sky-writing	1	33.78984106218011	SimBa
tweet-sno-1349	Q0	vclaim-sno-shelia-fedrick-human-traffickers	1	33.601024501929714	SimBa
tweet-sno-1350	Q0	vclaim-sno-alfredo-rivera-video	1	54.76355390996426	SimBa
tweet-sno-1350	Q0	vclaim-sno-frontier-airline-passenger-duct-taped	1	48.74412124333793	SimBa
tweet-sno-1350	Q0	vclaim-sno-united-airlines-baby-slap	1	40.53602709579725	SimBa
tweet-sno-1350	Q0	vclaim-sno-continental-divide	1	40.12743375944425	SimBa
tweet-sno-1350	Q0	vclaim-sno-flight-attendant-redeye-immigrant-children	1	39.8634663126916	SimBa
tweet-sno-1351	Q0	vclaim-sno-djokovic-simone-biles-pressure-privilege	1	48.88071036631734	SimBa
tweet-sno-1351	Q0	vclaim-sno-djokovic-federer-nadal	1	38.05716202014213	SimBa
tweet-sno-1351	Q0	vclaim-sno-olympic-games	1	37.206442574069406	SimBa
tweet-sno-1351	Q0	vclaim-sno-serena-williams-sick-of-covid	1	35.34707014077128	SimBa
tweet-sno-1351	Q0	vclaim-sno-donald-trump-serena-williams-wimbledon	1	32.56687350009974	SimBa
tweet-sno-1352	Q0	vclaim-sno-jim-carrey-quote	1	55.60568785981243	SimBa
tweet-sno-1352	Q0	vclaim-sno-lifeisasoph-jacob-blake-ex	1	33.21654181841328	SimBa
tweet-sno-1352	Q0	vclaim-sno-beto-orourke-reality-check	1	30.01403122703991	SimBa
tweet-sno-1352	Q0	vclaim-sno-alex-acosta-family-photograph	1	29.36733770294282	SimBa
tweet-sno-1352	Q0	vclaim-sno-spins-of-the-father	1	29.05486925986572	SimBa
tweet-sno-1353	Q0	vclaim-sno-did-this-mig-land-on-a-dam	1	52.987657841267385	SimBa
tweet-sno-1353	Q0	vclaim-sno-chinook-helicopter-afghanistan-rooftop	1	36.265816434669304	SimBa
tweet-sno-1353	Q0	vclaim-sno-water-sculpture-japan	1	34.08644942770167	SimBa
tweet-sno-1353	Q0	vclaim-sno-plane-loses-wing	1	33.76959054534951	SimBa
tweet-sno-1353	Q0	vclaim-sno-july-fourth-parade-russia-flyover	1	32.40834580674852	SimBa
tweet-sno-1354	Q0	vclaim-sno-peppa-pig-theme-park	1	60.16395286582107	SimBa
tweet-sno-1354	Q0	vclaim-sno-disney-park-escanaba	1	40.81197070407661	SimBa
tweet-sno-1354	Q0	vclaim-sno-tron-ride-disney-world	1	37.70770621824788	SimBa
tweet-sno-1354	Q0	vclaim-sno-is-disney-building-resort-toronto-islands	1	36.930791822417845	SimBa
tweet-sno-1354	Q0	vclaim-sno-disneys-tower-of-terror-being-replaced-with-guardians-of-the-galaxy	1	36.53137035867906	SimBa
tweet-sno-1355	Q0	vclaim-sno-florida-invasive-species	1	53.2982757436165	SimBa
tweet-sno-1355	Q0	vclaim-sno-first-chicago-alligator	1	47.294133788591814	SimBa
tweet-sno-1355	Q0	vclaim-sno-gator-done	1	47.1516639479568	SimBa
tweet-sno-1355	Q0	vclaim-sno-15-foot-diamondback-rattler	1	40.97932384485427	SimBa
tweet-sno-1355	Q0	vclaim-sno-call-police-new-guinea-flatworm	1	40.57312685422136	SimBa
tweet-sno-1356	Q0	vclaim-sno-space-station-orbit	1	45.108987214410945	SimBa
tweet-sno-1356	Q0	vclaim-sno-flat-earth-tweet	1	34.505156474605585	SimBa
tweet-sno-1356	Q0	vclaim-sno-four-armed-ufo-spotted-by-international-space-station	1	34.17715288603669	SimBa
tweet-sno-1356	Q0	vclaim-sno-ufomitted	1	33.87967375833224	SimBa
tweet-sno-1356	Q0	vclaim-sno-will-defunct-chinese-space-station-crash-earth-march-2018	1	32.38377616549506	SimBa
tweet-sno-1357	Q0	vclaim-sno-real-life-spongebob-and-patrick	1	43.044822513324135	SimBa
tweet-sno-1357	Q0	vclaim-sno-with-sixpence-you-get-eggroll-on-your-face	1	29.855291802765976	SimBa
tweet-sno-1357	Q0	vclaim-sno-is-navy-naming-tig-ol-bitties	1	29.10571150161368	SimBa
tweet-sno-1357	Q0	vclaim-sno-spongebob-epstein-island-address	1	28.410677264208754	SimBa
tweet-sno-1357	Q0	vclaim-sno-dangerous-waterspout-video	1	28.400427645023367	SimBa
tweet-sno-1358	Q0	vclaim-sno-biden-18-wheeler-truck	1	62.11320699726161	SimBa
tweet-sno-1358	Q0	vclaim-sno-joe-biden-war-hero-story	1	45.93361651467103	SimBa
tweet-sno-1358	Q0	vclaim-sno-joe-biden-hairy-legs-remark	1	44.26424638489341	SimBa
tweet-sno-1358	Q0	vclaim-sno-biden-admit-voter-fraud	1	43.706461494918436	SimBa
tweet-sno-1358	Q0	vclaim-sno-bar-owner-biden-ad	1	43.36851037627465	SimBa
tweet-sno-1359	Q0	vclaim-sno-lifeisasoph-jacob-blake-ex	1	31.96167317459932	SimBa
tweet-sno-1359	Q0	vclaim-sno-twitter-dislike-button	1	31.28626915271641	SimBa
tweet-sno-1359	Q0	vclaim-sno-fbi-prince-andrew-twitter	1	30.957172187583076	SimBa
tweet-sno-1359	Q0	vclaim-sno-kirstie-alley-stephen-hawking	1	30.951167034318466	SimBa
tweet-sno-1359	Q0	vclaim-sno-steak-umms-neil-degrasse-tyson	1	30.513498820409996	SimBa
tweet-sno-1360	Q0	vclaim-sno-kerri-strug-usa-gold	1	60.483126887315784	SimBa
tweet-sno-1360	Q0	vclaim-sno-djokovic-simone-biles-pressure-privilege	1	32.17865864878613	SimBa
tweet-sno-1360	Q0	vclaim-sno-kim-rhode-ignored	1	31.66900712106539	SimBa
tweet-sno-1360	Q0	vclaim-sno-karolyi-illegal-immigrants	1	30.291097286529585	SimBa
tweet-sno-1360	Q0	vclaim-sno-simone-gold-capitol-riot	1	30.041442122887325	SimBa
tweet-sno-1361	Q0	vclaim-sno-kanye-west-living-in-stadium-donda	1	51.97040362449582	SimBa
tweet-sno-1361	Q0	vclaim-sno-kanye-west-confederate-flag	1	40.44388237699346	SimBa
tweet-sno-1361	Q0	vclaim-sno-kanye-west-wanted-for-jewelry-insurance-scam	1	39.13877381226353	SimBa
tweet-sno-1361	Q0	vclaim-sno-half-nelson	1	38.85275288355939	SimBa
tweet-sno-1361	Q0	vclaim-sno-kanye-west-votes-kentucky	1	36.49429843896656	SimBa
tweet-sno-1362	Q0	vclaim-sno-pelosi-national-guard-capitol	1	51.97094004890206	SimBa
tweet-sno-1362	Q0	vclaim-sno-aoc-capitol-attack	1	44.54753678185868	SimBa
tweet-sno-1362	Q0	vclaim-sno-candace-owens-pelosi-capitol	1	44.231555398365984	SimBa
tweet-sno-1362	Q0	vclaim-sno-national-guard-capitol-riot	1	43.64081581486989	SimBa
tweet-sno-1362	Q0	vclaim-sno-reconnaissance-tours	1	43.50985925090923	SimBa
tweet-sno-1363	Q0	vclaim-sno-fbi-prince-andrew-twitter	1	40.13843178205537	SimBa
tweet-sno-1363	Q0	vclaim-sno-bethenny-frankel-meghan-markle	1	38.37831538974003	SimBa
tweet-sno-1363	Q0	vclaim-sno-kim-jong-un-sarah-sanders	1	36.11738387108015	SimBa
tweet-sno-1363	Q0	vclaim-sno-trump-healthcare-lesley-stahl	1	35.785577194309695	SimBa
tweet-sno-1363	Q0	vclaim-sno-royal-family-affair-rumors	1	35.551268408438034	SimBa
tweet-sno-1364	Q0	vclaim-sno-nasa-blue-dunes	1	63.760765100191264	SimBa
tweet-sno-1364	Q0	vclaim-sno-martian-sunset-spirit	1	46.05033588580593	SimBa
tweet-sno-1364	Q0	vclaim-sno-milky-way-perseverance-mars-rover	1	44.99005510477752	SimBa
tweet-sno-1364	Q0	vclaim-sno-a-curious-shadow	1	44.581682696765526	SimBa
tweet-sno-1364	Q0	vclaim-sno-mars-real-audio	1	44.560637009071876	SimBa
tweet-sno-1365	Q0	vclaim-sno-viral-video-massive-draft-horse	1	43.47974333570142	SimBa
tweet-sno-1365	Q0	vclaim-sno-hercules-biggest-dog	1	38.26625351425436	SimBa
tweet-sno-1365	Q0	vclaim-sno-the-biggest-christmas-tree	1	37.01932598912522	SimBa
tweet-sno-1365	Q0	vclaim-sno-lions-mane-mushroom	1	35.49495715023441	SimBa
tweet-sno-1365	Q0	vclaim-sno-worlds-largest-tortoise-gamera	1	34.71324639199635	SimBa
tweet-sno-1366	Q0	vclaim-sno-cleveland-indians-now-guardians	1	46.54523444050414	SimBa
tweet-sno-1366	Q0	vclaim-sno-burger-king-logo-new	1	37.273330072094346	SimBa
tweet-sno-1366	Q0	vclaim-sno-donald-trump-swastika-logo	1	32.49603343367232	SimBa
tweet-sno-1366	Q0	vclaim-sno-amazon-logo-hitlers-mustache	1	32.21310054639019	SimBa
tweet-sno-1366	Q0	vclaim-sno-gay-men-proud-boys-hashtag	1	30.050437789833286	SimBa
tweet-sno-1367	Q0	vclaim-sno-macron-quote-unvaccinated	1	58.427816423537195	SimBa
tweet-sno-1367	Q0	vclaim-sno-trump-jr-women-rape	1	39.42742229831349	SimBa
tweet-sno-1367	Q0	vclaim-sno-president-donald-trump-tweet-mothers-day-fathers	1	39.23717002139617	SimBa
tweet-sno-1367	Q0	vclaim-sno-did-trump-praise-covid-19-vaccines	1	36.697064918029845	SimBa
tweet-sno-1367	Q0	vclaim-sno-biden-covid-vaccine-2	1	35.52889141403979	SimBa
tweet-sno-1368	Q0	vclaim-sno-twitter-dislike-button	1	52.45356419954126	SimBa
tweet-sno-1368	Q0	vclaim-sno-twitter-disable-engagement-trump	1	32.61489286289157	SimBa
tweet-sno-1368	Q0	vclaim-sno-can-you-vote-online-with-a-hashtag	1	30.553840051797792	SimBa
tweet-sno-1368	Q0	vclaim-sno-text-rbg-50409	1	28.904754982436277	SimBa
tweet-sno-1368	Q0	vclaim-sno-paypal-twitter-jar-address	1	28.773055399437926	SimBa
tweet-sno-1369	Q0	vclaim-sno-the-parent-trap-october-11	1	57.589808023018385	SimBa
tweet-sno-1369	Q0	vclaim-sno-elijah-wood-twin-brother-photo	1	37.247342311496425	SimBa
tweet-sno-1369	Q0	vclaim-sno-identical-twins-married	1	36.64345920749892	SimBa
tweet-sno-1369	Q0	vclaim-sno-couple-finds-biological-twins-ivf-treatment	1	35.12010022319035	SimBa
tweet-sno-1369	Q0	vclaim-sno-will-smith-have-a-twin	1	34.949836552710764	SimBa
tweet-sno-1370	Q0	vclaim-sno-prop-47-theft-california	1	63.366810833639065	SimBa
tweet-sno-1370	Q0	vclaim-sno-san-francisco-shoplifting-video	1	43.40127617459644	SimBa
tweet-sno-1370	Q0	vclaim-sno-california-motor-voter-act	1	39.37315191739543	SimBa
tweet-sno-1370	Q0	vclaim-sno-california-text-tax	1	37.43283114538331	SimBa
tweet-sno-1370	Q0	vclaim-sno-child-prostitution-legalized-in-california	1	37.13449147564706	SimBa
tweet-sno-1371	Q0	vclaim-sno-anti-sex-beds-2020-olympics	1	53.440118212294344	SimBa
tweet-sno-1371	Q0	vclaim-sno-covid-detention-camps-new-york	1	31.16744725958943	SimBa
tweet-sno-1371	Q0	vclaim-sno-2020-summer-olympics-logo	1	30.82828205864828	SimBa
tweet-sno-1371	Q0	vclaim-sno-bernice-king-mlk-day-instagram	1	30.29735814337069	SimBa
tweet-sno-1371	Q0	vclaim-sno-cadbury-gay-kiss	1	30.137913682058816	SimBa
tweet-sno-1372	Q0	vclaim-sno-tom-brady-election-white-house	1	68.9442233505229	SimBa
tweet-sno-1372	Q0	vclaim-sno-tom-brady-if-anybody-kneels	1	39.08459045688777	SimBa
tweet-sno-1372	Q0	vclaim-sno-2020-election-over	1	39.0052646543253	SimBa
tweet-sno-1372	Q0	vclaim-sno-tom-brady-say-nba-finals-rigged	1	38.93309468786959	SimBa
tweet-sno-1372	Q0	vclaim-sno-devos-40-percent-more-than-half	1	38.88835635161985	SimBa
tweet-sno-1373	Q0	vclaim-sno-80-million-year-old-shark	1	62.563044274510425	SimBa
tweet-sno-1373	Q0	vclaim-sno-512-year-old-shark	1	52.151772483756886	SimBa
tweet-sno-1373	Q0	vclaim-sno-giant-squid-sighting-japan	1	49.35827552870932	SimBa
tweet-sno-1373	Q0	vclaim-sno-greenland-shark-392-years-old	1	48.61847028769289	SimBa
tweet-sno-1373	Q0	vclaim-sno-shark-prank	1	48.439157842989495	SimBa
tweet-sno-1374	Q0	vclaim-sno-illegal-barbershops-sunday-ny	1	61.743461342591054	SimBa
tweet-sno-1374	Q0	vclaim-sno-california-laundry-and-shower	1	36.54773480299192	SimBa
tweet-sno-1374	Q0	vclaim-sno-cindy-hyde-smith-voting-sabbath	1	33.99361132759666	SimBa
tweet-sno-1374	Q0	vclaim-sno-cosplay-illegal-five-states	1	32.32724781836981	SimBa
tweet-sno-1374	Q0	vclaim-sno-stephen-moore-child-labor	1	32.149447356450494	SimBa
tweet-sno-1375	Q0	vclaim-sno-mccormick-director-taco-relations	1	58.84583257999596	SimBa
tweet-sno-1375	Q0	vclaim-sno-tesla-hiring-complaints-elon-musk	1	37.96842448816287	SimBa
tweet-sno-1375	Q0	vclaim-sno-taco-bell-refried-beans	1	36.17831127298188	SimBa
tweet-sno-1375	Q0	vclaim-sno-taco-bell-major-changes	1	35.514198624708	SimBa
tweet-sno-1375	Q0	vclaim-sno-taco-bell-menu-change	1	35.152287935562384	SimBa
tweet-sno-1376	Q0	vclaim-sno-mccormick-director-taco-relations	1	44.163229197078444	SimBa
tweet-sno-1376	Q0	vclaim-sno-tesla-hiring-complaints-elon-musk	1	38.590217783395445	SimBa
tweet-sno-1376	Q0	vclaim-sno-alexandria-ocasio-cortez-hot-dog-on-stick	1	33.14501227839484	SimBa
tweet-sno-1376	Q0	vclaim-sno-mcdonalds-breakfast-exposed	1	33.02559366936354	SimBa
tweet-sno-1376	Q0	vclaim-sno-mcdonald39s-is-his-kind-of-place	1	32.25715828310463	SimBa
tweet-sno-1377	Q0	vclaim-sno-smith-and-lesson	1	43.6333439308111	SimBa
tweet-sno-1377	Q0	vclaim-sno-tucker-carlson-georgia-voter-fraud	1	42.099533114638234	SimBa
tweet-sno-1377	Q0	vclaim-sno-atlanta-georgia-voter-fraud-video	1	39.00438590667925	SimBa
tweet-sno-1377	Q0	vclaim-sno-american-thinker-vote-fraud	1	38.26926507869175	SimBa
tweet-sno-1377	Q0	vclaim-sno-carlson-actor-couldnt-book-organizers	1	37.62361332387829	SimBa
tweet-sno-1378	Q0	vclaim-sno-pride-flag-us-embassy-vatican	1	62.10005279964131	SimBa
tweet-sno-1378	Q0	vclaim-sno-obama-forces-americans-to-celebrate-gay-sex	1	42.6853238510887	SimBa
tweet-sno-1378	Q0	vclaim-sno-pence-rainbow-flags-iceland	1	41.21893690107932	SimBa
tweet-sno-1378	Q0	vclaim-sno-maps-pride-flag	1	40.38333963123403	SimBa
tweet-sno-1378	Q0	vclaim-sno-american-flag-white-house	1	38.05729224953858	SimBa
tweet-sno-1379	Q0	vclaim-sno-odni-photoshop-diversity-report	1	50.774948794490335	SimBa
tweet-sno-1379	Q0	vclaim-sno-the-squad-dresses	1	36.9436734794042	SimBa
tweet-sno-1379	Q0	vclaim-sno-uw-booklet-student-added	1	36.55547674115594	SimBa
tweet-sno-1379	Q0	vclaim-sno-desk-job	1	36.42609940064669	SimBa
tweet-sno-1379	Q0	vclaim-sno-trump-campaign-photoshop-hat	1	35.69966071922148	SimBa
tweet-sno-1380	Q0	vclaim-sno-boebert-ppp-loan	1	57.562651388781596	SimBa
tweet-sno-1380	Q0	vclaim-sno-boebert-restaurant-man-beaten	1	41.290453099385836	SimBa
tweet-sno-1380	Q0	vclaim-sno-boebert-award-red-lobster	1	39.632756378176346	SimBa
tweet-sno-1380	Q0	vclaim-sno-boebert-tweet-pelosi-location	1	38.18072460892599	SimBa
tweet-sno-1380	Q0	vclaim-sno-tom-brady-ppp	1	36.17800810717932	SimBa
tweet-sno-1381	Q0	vclaim-sno-madonna-britney-spears-slavery	1	61.82015581229167	SimBa
tweet-sno-1381	Q0	vclaim-sno-katy-perry-grammys-handcuffs	1	34.65978809109673	SimBa
tweet-sno-1381	Q0	vclaim-sno-madonna-trump-2020	1	34.36907173797716	SimBa
tweet-sno-1381	Q0	vclaim-sno-oops-i-took-it-again	1	34.368748718900505	SimBa
tweet-sno-1381	Q0	vclaim-sno-bella-hadid-anti-semitic-palestine	1	33.786115488703715	SimBa
tweet-sno-1382	Q0	vclaim-sno-four-seasons-concert	1	53.092208955236465	SimBa
tweet-sno-1382	Q0	vclaim-sno-freedom-concert	1	31.08257186549656	SimBa
tweet-sno-1382	Q0	vclaim-sno-trump-legal-team-four-seasons	1	30.389163878916992	SimBa
tweet-sno-1382	Q0	vclaim-sno-trump-selling-inauguration-tickets	1	30.026697875041314	SimBa
tweet-sno-1382	Q0	vclaim-sno-diamond-silk-gop-convention	1	29.7538747615874	SimBa
tweet-sno-1383	Q0	vclaim-sno-abortion-clinic-forceps-christmas	1	32.6887770397979	SimBa
tweet-sno-1383	Q0	vclaim-sno-target-holiday-stores	1	32.46757027507591	SimBa
tweet-sno-1383	Q0	vclaim-sno-snow-los-angeles	1	31.040810077902233	SimBa
tweet-sno-1383	Q0	vclaim-sno-nigella-lawson-microwave	1	30.465981422900967	SimBa
tweet-sno-1383	Q0	vclaim-sno-antarctica-covid-cases	1	29.966336225485595	SimBa
tweet-sno-1384	Q0	vclaim-sno-biden-hit-congressional-baseball	1	57.69915123134437	SimBa
tweet-sno-1384	Q0	vclaim-sno-did-biden-say-my-butts-been-wiped	1	41.32276094626572	SimBa
tweet-sno-1384	Q0	vclaim-sno-trump-biden-resident-meme	1	41.166099642008106	SimBa
tweet-sno-1384	Q0	vclaim-sno-military-band-hit-the-road-jack	1	39.82029977624048	SimBa
tweet-sno-1384	Q0	vclaim-sno-biden-bob-dole-end-of-message	1	39.56855389245077	SimBa
tweet-sno-1385	Q0	vclaim-sno-paul-rudd-seth-rogen-massage	1	68.74490432646293	SimBa
tweet-sno-1385	Q0	vclaim-sno-the-art-of-marriage	1	31.616526927294125	SimBa
tweet-sno-1385	Q0	vclaim-sno-schwarzenegger-hotel-statue	1	31.48494971800062	SimBa
tweet-sno-1385	Q0	vclaim-sno-richard-gere-homeless	1	31.102304801840525	SimBa
tweet-sno-1385	Q0	vclaim-sno-rock-star-stomach-pump	1	30.713569162244898	SimBa
tweet-sno-1386	Q0	vclaim-sno-billy-dee-williams-mark-hamill	1	65.6587501088651	SimBa
tweet-sno-1386	Q0	vclaim-sno-fbi-prince-andrew-twitter	1	36.58385685558861	SimBa
tweet-sno-1386	Q0	vclaim-sno-prince-harry-nazi-costume	1	34.234268671284255	SimBa
tweet-sno-1386	Q0	vclaim-sno-tommy-robinson-protest-photo	1	34.21527313263211	SimBa
tweet-sno-1386	Q0	vclaim-sno-queen-meghan-markle-stop	1	33.88270446947569	SimBa
tweet-sno-1387	Q0	vclaim-sno-us-womens-soccer-national-anthem	1	45.837799485101755	SimBa
tweet-sno-1387	Q0	vclaim-sno-nfl-sideline-anthem	1	41.18523724540548	SimBa
tweet-sno-1387	Q0	vclaim-sno-jerry-jones-speech-911	1	40.251853891964615	SimBa
tweet-sno-1387	Q0	vclaim-sno-football-fan-flag-stand-national-anthem	1	39.89485942502391	SimBa
tweet-sno-1387	Q0	vclaim-sno-must-nfl-players-stand	1	39.31348387828219	SimBa
tweet-sno-1388	Q0	vclaim-sno-hobby-lobby-newspaper	1	46.76485299887525	SimBa
tweet-sno-1388	Q0	vclaim-sno-hobby-lobby-coronavirus	1	40.73404893342891	SimBa
tweet-sno-1388	Q0	vclaim-sno-hobby-lobby-cotton	1	39.35695013153391	SimBa
tweet-sno-1388	Q0	vclaim-sno-hobby-lobby-ceo-slaves	1	37.40807502446021	SimBa
tweet-sno-1388	Q0	vclaim-sno-hobby-lobby-white-lives-matter	1	36.900508660469875	SimBa
tweet-sno-1389	Q0	vclaim-sno-hobby-lobby-newspaper	1	46.23759773744518	SimBa
tweet-sno-1389	Q0	vclaim-sno-hobby-lobby-ceo-slaves	1	39.76591893723677	SimBa
tweet-sno-1389	Q0	vclaim-sno-stomp-out-atheists	1	38.9783580188831	SimBa
tweet-sno-1389	Q0	vclaim-sno-church-mock-trump-sign	1	38.38205507884989	SimBa
tweet-sno-1389	Q0	vclaim-sno-westboro-hero	1	38.0882943408279	SimBa
tweet-sno-1390	Q0	vclaim-sno-hobby-lobby-newspaper	1	39.15844337091961	SimBa
tweet-sno-1390	Q0	vclaim-sno-harris-churches-propaganda-centers	1	37.859691968398664	SimBa
tweet-sno-1390	Q0	vclaim-sno-westboro-hero	1	37.64042085454073	SimBa
tweet-sno-1390	Q0	vclaim-sno-kkk-ad-front-page	1	36.788759883831595	SimBa
tweet-sno-1390	Q0	vclaim-sno-newspaper-ad-ku-klux-klan-praise-donald-trump	1	36.452783357082	SimBa
tweet-sno-1391	Q0	vclaim-sno-true-colors-terracotta-soldiers	1	55.71881853319978	SimBa
tweet-sno-1391	Q0	vclaim-sno-giant-human-skeleton-photographs	1	35.570134523546315	SimBa
tweet-sno-1391	Q0	vclaim-sno-is-virgin-of-guadalupe-living	1	35.27562935420329	SimBa
tweet-sno-1391	Q0	vclaim-sno-cicada-shell-art	1	34.436394484761344	SimBa
tweet-sno-1391	Q0	vclaim-sno-moa-troodon-claw-photo	1	33.62845350669243	SimBa
tweet-sno-1392	Q0	vclaim-sno-bruce-lee-american-citizen	1	42.97793811726648	SimBa
tweet-sno-1392	Q0	vclaim-sno-clint-eastwood-leaving-hollywood	1	32.740373787412466	SimBa
tweet-sno-1392	Q0	vclaim-sno-bruce-lee-ping-pong	1	32.498127685277645	SimBa
tweet-sno-1392	Q0	vclaim-sno-yomi-kim-hunter	1	31.776121645487137	SimBa
tweet-sno-1392	Q0	vclaim-sno-chop-suey-origins	1	31.468947168305426	SimBa
tweet-sno-1393	Q0	vclaim-sno-rashad-cosby-release-tweet	1	49.04363872164667	SimBa
tweet-sno-1393	Q0	vclaim-sno-bill-oreilly-lost-custody	1	36.837804950645506	SimBa
tweet-sno-1393	Q0	vclaim-sno-did-planned-parenthood-defend-bill-cosby	1	36.39299992063152	SimBa
tweet-sno-1393	Q0	vclaim-sno-tommy-robinson-arrest	1	36.08136146138394	SimBa
tweet-sno-1393	Q0	vclaim-sno-aoc-accusation-trump-felony	1	35.60954666705964	SimBa
tweet-sno-1394	Q0	vclaim-sno-removing-latest-tweets	1	59.081502693898855	SimBa
tweet-sno-1394	Q0	vclaim-sno-twitter-dislike-button	1	40.491107415628754	SimBa
tweet-sno-1394	Q0	vclaim-sno-india-banning-twitter	1	33.95181784785179	SimBa
tweet-sno-1394	Q0	vclaim-sno-twitter-shutting-down-in-2017	1	32.23665543419499	SimBa
tweet-sno-1394	Q0	vclaim-sno-twitter-disable-engagement-trump	1	32.06387451034267	SimBa
tweet-sno-1395	Q0	vclaim-sno-new-species-green-capybara	1	59.260028187295575	SimBa
tweet-sno-1395	Q0	vclaim-sno-venezuelan-poodle-moth	1	40.4504373485785	SimBa
tweet-sno-1395	Q0	vclaim-sno-chernobyl-animals	1	39.37765632718329	SimBa
tweet-sno-1395	Q0	vclaim-sno-the-young-family	1	39.212306259711546	SimBa
tweet-sno-1395	Q0	vclaim-sno-texas-bonnet-rattlesnake	1	39.102162419119075	SimBa
tweet-sno-1396	Q0	vclaim-sno-mens-soccer-player-sports-bra	1	50.09718519681257	SimBa
tweet-sno-1396	Q0	vclaim-sno-us-womens-soccer-nazi-salute	1	38.71007304180105	SimBa
tweet-sno-1396	Q0	vclaim-sno-rapinoe-flag-stomp	1	35.574720170499965	SimBa
tweet-sno-1396	Q0	vclaim-sno-us-womens-soccer-national-anthem	1	35.38982527492169	SimBa
tweet-sno-1396	Q0	vclaim-sno-stranger-things-wnba-jersey	1	33.78359579914766	SimBa
tweet-sno-1397	Q0	vclaim-sno-nfl-scrapping-one-helmet-rule	1	57.30651799515619	SimBa
tweet-sno-1397	Q0	vclaim-sno-nfl-new-covid-19-helmet	1	41.1299801062389	SimBa
tweet-sno-1397	Q0	vclaim-sno-nascar-bans-maga-hats	1	35.03213193830259	SimBa
tweet-sno-1397	Q0	vclaim-sno-nike-alabama	1	34.27825986636797	SimBa
tweet-sno-1397	Q0	vclaim-sno-nfl-fining-players-for-wearing-911-memorial-cleats	1	32.705165373141824	SimBa
tweet-sno-1398	Q0	vclaim-sno-bill-gates-id2020	1	48.04162898496786	SimBa
tweet-sno-1398	Q0	vclaim-sno-bill-gates-vaccinations-depopulation	1	45.22582390516294	SimBa
tweet-sno-1398	Q0	vclaim-sno-bill-gates-india-sued	1	42.60341852953764	SimBa
tweet-sno-1398	Q0	vclaim-sno-cdc-forced-vaccinations	1	40.53627325356581	SimBa
tweet-sno-1398	Q0	vclaim-sno-bill-gates-brief-cia-in-2005	1	39.58473366991272	SimBa
tweet-sno-1399	Q0	vclaim-sno-tucker-carlson-calls-milley-a-pig	1	58.72128620097142	SimBa
tweet-sno-1399	Q0	vclaim-sno-sean-hannity-fired-muslims	1	36.03953882271752	SimBa
tweet-sno-1399	Q0	vclaim-sno-clint-eastwood-quote-on-trump	1	35.067273704189745	SimBa
tweet-sno-1399	Q0	vclaim-sno-biden-doocy-stupid-bitch	1	34.61045698847281	SimBa
tweet-sno-1399	Q0	vclaim-sno-biden-troops-stupid-bastards	1	34.226287749314466	SimBa
tweet-sno-1400	Q0	vclaim-sno-sean-hannity-fired-muslims	1	43.642300059838405	SimBa
tweet-sno-1400	Q0	vclaim-sno-tucker-carlson-calls-milley-a-pig	1	43.05499305705715	SimBa
tweet-sno-1400	Q0	vclaim-sno-karl-rove-biden-inauguration	1	41.67020325501521	SimBa
tweet-sno-1400	Q0	vclaim-sno-you-might-be-a-moron	1	37.46467296905079	SimBa
tweet-sno-1400	Q0	vclaim-sno-carlson-media-lynching-chauvin	1	37.36256142656662	SimBa
tweet-sno-1401	Q0	vclaim-sno-sean-hannity-john-cleese	1	39.4197635111589	SimBa
tweet-sno-1401	Q0	vclaim-sno-donald-trump-purge-slogan	1	38.79983167061376	SimBa
tweet-sno-1401	Q0	vclaim-sno-revocation-of-independence	1	36.79182974432333	SimBa
tweet-sno-1401	Q0	vclaim-sno-boring-mike-pence	1	36.048198071664785	SimBa
tweet-sno-1401	Q0	vclaim-sno-donald-trump-shirts-trmup	1	35.680449399623384	SimBa
tweet-sno-1402	Q0	vclaim-sno-amazon-prime-adults	1	52.849856336950964	SimBa
tweet-sno-1402	Q0	vclaim-sno-amazon-shipping-mail-in-ballots	1	33.29513947484344	SimBa
tweet-sno-1402	Q0	vclaim-sno-amazon-phone-call-scam	1	33.10331152557568	SimBa
tweet-sno-1402	Q0	vclaim-sno-amazon-prime-increased-prices	1	30.5391885310827	SimBa
tweet-sno-1402	Q0	vclaim-sno-don-trump-bulk-book-buying	1	30.067979923907057	SimBa
tweet-sno-1403	Q0	vclaim-sno-is-a-turtle-shell-really-modified-ribs	1	52.93371364975958	SimBa
tweet-sno-1403	Q0	vclaim-sno-god-turtle-image	1	42.18888174039961	SimBa
tweet-sno-1403	Q0	vclaim-sno-hermit-crab-using-skull-shell	1	41.69310364407049	SimBa
tweet-sno-1403	Q0	vclaim-sno-leatherback-sea-turtle-mouth	1	40.556638711799	SimBa
tweet-sno-1403	Q0	vclaim-sno-large-leatherback-turtle-video	1	38.848836105028646	SimBa
tweet-sno-1404	Q0	vclaim-sno-mike-pence-called-traitor	1	61.53839352052307	SimBa
tweet-sno-1404	Q0	vclaim-sno-hang-mike-pence-chant-capitol-riot	1	48.47911030114055	SimBa
tweet-sno-1404	Q0	vclaim-sno-mike-pence-tweet	1	44.84457671126433	SimBa
tweet-sno-1404	Q0	vclaim-sno-mike-pence-muslim-ban-offensive	1	44.690501627725304	SimBa
tweet-sno-1404	Q0	vclaim-sno-pence-trump-twitter-jan-6-riots	1	41.94993784669463	SimBa
tweet-sno-1405	Q0	vclaim-sno-tucker-carlson-capitol-attack	1	54.07268676166866	SimBa
tweet-sno-1405	Q0	vclaim-sno-mypillow-antifa-temptresses	1	44.395315317719394	SimBa
tweet-sno-1405	Q0	vclaim-sno-bannon-hell-capitol-attack	1	43.293232309681294	SimBa
tweet-sno-1405	Q0	vclaim-sno-cesar-sayoc-izzy-hernandez	1	42.27762886367897	SimBa
tweet-sno-1405	Q0	vclaim-sno-were-stories-florida-shooting-before	1	41.84459851361606	SimBa
tweet-sno-1406	Q0	vclaim-sno-park-seo-joon-marvel-sequel	1	60.19212572391856	SimBa
tweet-sno-1406	Q0	vclaim-sno-sonic-new-redesign	1	31.836506228647572	SimBa
tweet-sno-1406	Q0	vclaim-sno-tom-hanks-movie-netflix	1	31.617600340509185	SimBa
tweet-sno-1406	Q0	vclaim-sno-harry-potter-cursed-child-movie-poster	1	30.5690614788144	SimBa
tweet-sno-1406	Q0	vclaim-sno-the-notebook-2-hoax	1	30.477412673522185	SimBa
